time,temperature_c,paused
2026-10-01 03:36:36,50,0
2026-10-01 03:36:46,51,0
2026-10-01 03:36:56,51,0
2026-10-01 03:37:06,51,0
2026-10-01 03:37:16,52,0
2026-10-01 03:37:26,52,0
2026-10-01 03:37:36,52,0
2026-10-01 03:37:46,53,0
2026-10-01 03:37:56,53,0
2026-10-01 03:38:06,53,0
2026-10-01 03:38:16,53,0
2026-10-01 03:38:26,53,0
2026-10-01 03:38:36,53,0
2026-10-01 03:38:46,53,0
2026-10-01 03:38:57,53,0
2026-10-01 03:39:07,53,0
2026-10-01 03:39:17,53,0
2026-10-01 03:39:27,54,0
2026-10-01 03:39:37,54,0
2026-10-01 03:39:47,54,0
2026-10-01 03:39:57,54,0
2026-10-01 03:40:07,54,0
2026-10-01 03:40:17,54,0
2026-10-01 03:40:27,54,0
2026-10-01 03:40:37,54,0
2026-10-01 03:40:47,54,0
2026-10-01 03:40:57,54,0
2026-10-01 03:41:07,54,0
2026-10-01 03:41:17,54,0
2026-10-01 03:41:27,55,0
2026-10-01 03:41:37,55,0
2026-10-01 03:41:47,55,0
2026-10-01 03:41:57,55,0
2026-10-01 03:42:07,55,0
2026-10-01 03:42:17,55,0
2026-10-01 03:42:27,55,0
2026-10-01 03:42:37,55,0
2026-10-01 03:42:47,55,0
2026-10-01 03:42:57,55,0
2026-10-01 03:43:07,55,0
2026-10-01 03:43:17,55,0
2026-10-01 03:43:27,55,0
2026-10-01 03:43:37,55,0
2026-10-01 03:43:47,55,0
2026-10-01 03:43:58,55,0
2026-10-01 03:44:08,55,0
2026-10-01 03:44:18,55,0
2026-10-01 03:44:28,55,0
2026-10-01 03:44:38,55,0
2026-10-01 03:44:48,54,0
2026-10-01 03:44:58,54,0
2026-10-01 03:45:08,54,0
2026-10-01 03:45:18,54,0
2026-10-01 03:45:28,54,0
2026-10-01 03:45:38,54,0
2026-10-01 03:45:48,55,0
2026-10-01 03:45:58,55,0
2026-10-01 03:46:08,55,0
2026-10-01 03:46:18,55,0
2026-10-01 03:46:28,55,0
2026-10-01 03:46:38,55,0
2026-10-01 03:46:48,55,0
2026-10-01 03:46:58,55,0
2026-10-01 03:47:08,55,0
2026-10-01 03:47:18,55,0
2026-10-01 03:47:28,55,0
2026-10-01 03:47:38,55,0
2026-10-01 03:47:48,55,0
2026-10-01 03:47:58,55,0
2026-10-01 03:48:08,55,0
2026-10-01 03:48:18,55,0
2026-10-01 03:48:28,55,0
2026-10-01 03:48:38,55,0
2026-10-01 03:48:48,55,0
2026-10-01 03:48:58,55,0
2026-10-01 03:49:09,55,0
2026-10-01 03:49:19,55,0
2026-10-01 03:49:29,55,0
2026-10-01 03:49:39,55,0
2026-10-01 03:49:49,55,0
2026-10-01 03:49:59,55,0
2026-10-01 03:50:09,55,0
2026-10-01 03:50:19,55,0
2026-10-01 03:50:29,55,0
2026-10-01 03:50:39,55,0
2026-10-01 03:50:49,55,0
2026-10-01 03:50:59,55,0
2026-10-01 03:51:09,55,0
2026-10-01 03:51:19,55,0
2026-10-01 03:51:29,55,0
2026-10-01 03:51:39,55,0
2026-10-01 03:51:49,55,0
2026-10-01 03:51:59,55,0
2026-10-01 03:52:09,55,0
2026-10-01 03:52:19,55,0
2026-10-01 03:52:29,55,0
2026-10-01 03:52:39,55,0
2026-10-01 03:52:49,55,0
2026-10-01 03:52:59,55,0
2026-10-01 03:53:09,55,0
2026-10-01 03:53:19,55,0
2026-10-01 03:53:29,55,0
2026-10-01 03:53:39,55,0
2026-10-01 03:53:49,55,0
2026-10-01 03:53:59,55,0
2026-10-01 03:54:09,56,0
2026-10-01 03:54:20,56,0
2026-10-01 03:54:30,56,0
2026-10-01 03:54:40,56,0
2026-10-01 03:54:50,56,0
2026-10-01 03:55:00,56,0
2026-10-01 03:55:10,56,0
2026-10-01 03:55:20,56,0
2026-10-01 03:55:30,56,0
2026-10-01 03:55:40,56,0
2026-10-01 03:55:50,56,0
2026-10-01 03:56:00,56,0
2026-10-01 03:56:10,56,0
2026-10-01 03:56:20,56,0
2026-10-01 03:56:30,56,0
2026-10-01 03:56:40,55,0
2026-10-01 03:56:50,55,0
2026-10-01 03:57:00,55,0
2026-10-01 03:57:10,55,0
2026-10-01 03:57:20,55,0
2026-10-01 03:57:30,56,0
2026-10-01 03:57:40,56,0
2026-10-01 03:57:50,55,0
2026-10-01 03:58:00,56,0
2026-10-01 03:58:10,56,0
2026-10-01 03:58:20,56,0
2026-10-01 03:58:30,56,0
2026-10-01 03:58:40,56,0
2026-10-01 03:58:50,56,0
2026-10-01 03:59:00,56,0
2026-10-01 03:59:10,56,0
2026-10-01 03:59:21,56,0
2026-10-01 03:59:31,55,0
2026-10-01 03:59:41,55,0
2026-10-01 03:59:51,55,0
2026-10-01 04:00:01,55,0
2026-10-01 04:00:11,55,0
2026-10-01 04:00:21,55,0
2026-10-01 04:00:31,55,0
2026-10-01 04:00:41,55,0
2026-10-01 04:00:51,55,0
2026-10-01 04:01:01,55,0
2026-10-01 04:01:11,55,0
2026-10-01 04:01:21,55,0
2026-10-01 04:01:31,55,0
2026-10-01 04:01:41,55,0
2026-10-01 04:01:51,55,0
2026-10-01 04:02:01,55,0
2026-10-01 04:02:11,55,0
2026-10-01 04:02:21,55,0
2026-10-01 04:02:31,55,0
2026-10-01 04:02:41,55,0
2026-10-01 04:02:51,55,0
2026-10-01 04:03:01,55,0
2026-10-01 04:03:11,55,0
2026-10-01 04:03:21,55,0
2026-10-01 04:03:31,55,0
2026-10-01 04:03:41,55,0
2026-10-01 04:03:51,55,0
2026-10-01 04:04:01,55,0
2026-10-01 04:04:11,55,0
2026-10-01 04:04:21,55,0
2026-10-01 04:04:31,55,0
2026-10-01 04:04:42,55,0
2026-10-01 04:04:52,55,0
2026-10-01 04:05:02,55,0
2026-10-01 04:05:12,55,0
2026-10-01 04:05:22,55,0
2026-10-01 04:05:32,55,0
2026-10-01 04:05:42,55,0
2026-10-01 04:05:52,55,0
2026-10-01 04:06:02,55,0
2026-10-01 04:06:12,55,0
2026-10-01 04:06:22,55,0
2026-10-01 04:06:32,55,0
2026-10-01 04:06:42,55,0
2026-10-01 04:06:52,55,0
2026-10-01 04:07:02,55,0
2026-10-01 04:07:12,55,0
2026-10-01 04:07:22,55,0
2026-10-01 04:07:32,55,0
2026-10-01 04:07:42,55,0
2026-10-01 04:07:52,55,0
2026-10-01 04:08:02,55,0
2026-10-01 04:08:12,55,0
2026-10-01 04:08:22,55,0
2026-10-01 04:08:32,55,0
2026-10-01 04:08:42,55,0
2026-10-01 04:08:52,55,0
2026-10-01 04:09:02,55,0
2026-10-01 04:09:12,55,0
2026-10-01 04:09:22,55,0
2026-10-01 04:09:32,55,0
2026-10-01 04:09:43,55,0
2026-10-01 04:09:53,55,0
2026-10-01 04:10:03,55,0
2026-10-01 04:10:13,55,0
2026-10-01 04:10:23,55,0
2026-10-01 04:10:33,55,0
2026-10-01 04:10:43,55,0
2026-10-01 04:10:53,55,0
2026-10-01 04:11:03,55,0
2026-10-01 04:11:13,55,0
2026-10-01 04:11:23,55,0
2026-10-01 04:11:33,55,0
2026-10-01 04:11:43,55,0
2026-10-01 04:11:53,55,0
2026-10-01 04:12:03,55,0
2026-10-01 04:12:13,55,0
2026-10-01 04:12:23,55,0
2026-10-01 04:12:33,55,0
2026-10-01 04:12:43,55,0
2026-10-01 04:12:53,55,0
2026-10-01 04:13:03,55,0
2026-10-01 04:13:13,55,0
2026-10-01 04:13:23,55,0
2026-10-01 04:13:33,55,0
2026-10-01 04:13:43,55,0
2026-10-01 04:13:53,55,0
2026-10-01 04:14:03,55,0
2026-10-01 04:14:13,55,0
2026-10-01 04:14:23,54,0
2026-10-01 04:14:33,55,0
2026-10-01 04:14:43,55,0
2026-10-01 04:14:53,55,0
2026-10-01 04:15:04,55,0
2026-10-01 04:15:14,55,0
2026-10-01 04:15:24,55,0
2026-10-01 04:15:34,55,0
2026-10-01 04:15:44,55,0
2026-10-01 04:15:54,55,0
2026-10-01 04:16:04,55,0
2026-10-01 04:16:14,55,0
2026-10-01 04:16:24,55,0
2026-10-01 04:16:34,55,0
2026-10-01 04:16:44,55,0
2026-10-01 04:16:54,55,0
2026-10-01 04:17:04,55,0
2026-10-01 04:17:14,55,0
2026-10-01 04:17:24,55,0
2026-10-01 04:17:34,55,0
2026-10-01 04:17:44,55,0
2026-10-01 04:17:54,55,0
2026-10-01 04:18:04,55,0
2026-10-01 04:18:14,55,0
2026-10-01 04:18:24,55,0
2026-10-01 04:18:34,55,0
2026-10-01 04:18:44,55,0
2026-10-01 04:18:54,55,0
2026-10-01 04:19:04,55,0
2026-10-01 04:19:14,55,0
2026-10-01 04:19:24,55,0
2026-10-01 04:19:34,55,0
2026-10-01 04:19:44,55,0
2026-10-01 04:19:54,55,0
2026-10-01 04:20:05,56,0
2026-10-01 04:20:15,55,0
2026-10-01 04:20:25,55,0
2026-10-01 04:20:35,55,0
2026-10-01 04:20:45,56,0
2026-10-01 04:20:55,56,0
2026-10-01 04:21:05,56,0
2026-10-01 04:21:15,55,0
2026-10-01 04:21:25,55,0
2026-10-01 04:21:35,55,0
2026-10-01 04:21:45,55,0
2026-10-01 04:21:55,56,0
2026-10-01 04:22:05,56,0
2026-10-01 04:22:15,56,0
2026-10-01 04:22:25,56,0
2026-10-01 04:22:35,55,0
2026-10-01 04:22:45,56,0
2026-10-01 04:22:55,55,0
2026-10-01 04:23:05,55,0
2026-10-01 04:23:15,55,0
2026-10-01 04:23:25,55,0
2026-10-01 04:23:35,55,0
2026-10-01 04:23:45,55,0
2026-10-01 04:23:55,55,0
2026-10-01 04:24:05,55,0
2026-10-01 04:24:15,55,0
2026-10-01 04:24:25,55,0
2026-10-01 04:24:35,55,0
2026-10-01 04:24:45,55,0
2026-10-01 04:24:55,55,0
2026-10-01 04:25:06,55,0
2026-10-01 04:25:16,55,0
2026-10-01 04:25:26,55,0
2026-10-01 04:25:36,55,0
2026-10-01 04:25:46,55,0
2026-10-01 04:25:56,55,0
2026-10-01 04:26:06,55,0
2026-10-01 04:26:16,55,0
2026-10-01 04:26:26,55,0
2026-10-01 04:26:36,55,0
2026-10-01 04:26:46,55,0
2026-10-01 04:26:56,55,0
2026-10-01 04:27:06,55,0
2026-10-01 04:27:16,55,0
2026-10-01 04:27:26,55,0
2026-10-01 04:27:36,55,0
2026-10-01 04:27:46,55,0
2026-10-01 04:27:56,55,0
2026-10-01 04:28:06,55,0
2026-10-01 04:28:16,55,0
2026-10-01 04:28:26,55,0
2026-10-01 04:28:36,55,0
2026-10-01 04:28:46,55,0
2026-10-01 04:28:56,55,0
2026-10-01 04:29:06,55,0
2026-10-01 04:29:16,55,0
2026-10-01 04:29:26,55,0
2026-10-01 04:29:36,55,0
2026-10-01 04:29:46,55,0
2026-10-01 04:29:56,55,0
2026-10-01 04:30:06,55,0
2026-10-01 04:30:17,55,0
2026-10-01 04:30:27,55,0
2026-10-01 04:30:37,55,0
2026-10-01 04:30:47,55,0
2026-10-01 04:30:57,55,0
2026-10-01 04:31:07,55,0
2026-10-01 04:31:17,55,0
2026-10-01 04:31:27,55,0
2026-10-01 04:31:37,55,0
2026-10-01 04:31:47,55,0
2026-10-01 04:31:57,55,0
2026-10-01 04:32:07,55,0
2026-10-01 04:32:17,55,0
2026-10-01 04:32:27,55,0
2026-10-01 04:32:37,55,0
2026-10-01 04:32:47,55,0
2026-10-01 04:32:57,55,0
2026-10-01 04:33:07,55,0
2026-10-01 04:33:17,55,0
2026-10-01 04:33:27,55,0
2026-10-01 04:33:37,55,0
2026-10-01 04:33:47,55,0
2026-10-01 04:33:57,55,0
2026-10-01 04:34:07,55,0
2026-10-01 04:34:17,55,0
2026-10-01 04:34:27,55,0
2026-10-01 04:34:37,55,0
2026-10-01 04:34:47,55,0
2026-10-01 04:34:57,55,0
2026-10-01 04:35:07,55,0
2026-10-01 04:35:17,55,0
2026-10-01 04:35:28,55,0
2026-10-01 04:35:38,55,0
2026-10-01 04:35:48,55,0
2026-10-01 04:35:58,55,0
2026-10-01 04:36:08,55,0
2026-10-01 04:36:18,55,0
2026-10-01 04:36:28,55,0
2026-10-01 04:36:38,55,0
2026-10-01 04:36:48,55,0
2026-10-01 04:36:58,55,0
2026-10-01 04:37:08,55,0
2026-10-01 04:37:18,55,0
2026-10-01 04:37:28,55,0
2026-10-01 04:37:38,55,0
2026-10-01 04:37:48,55,0
2026-10-01 04:37:58,55,0
2026-10-01 04:38:08,55,0
2026-10-01 04:38:18,55,0
2026-10-01 04:38:28,55,0
2026-10-01 04:38:38,55,0
2026-10-01 04:38:48,55,0
2026-10-01 04:38:58,55,0
2026-10-01 04:39:08,55,0
2026-10-01 04:39:18,55,0
2026-10-01 04:39:28,55,0
2026-10-01 04:39:38,55,0
2026-10-01 04:39:48,55,0
2026-10-01 04:39:58,55,0
2026-10-01 04:40:08,55,0
2026-10-01 04:40:18,55,0
2026-10-01 04:40:29,55,0
2026-10-01 04:40:39,55,0
2026-10-01 04:40:49,55,0
2026-10-01 04:40:59,55,0
2026-10-01 04:41:09,55,0
2026-10-01 04:41:19,55,0
2026-10-01 04:41:29,55,0
2026-10-01 04:41:39,55,0
2026-10-01 04:41:49,55,0
2026-10-01 04:41:59,55,0
2026-10-01 04:42:09,55,0
2026-10-01 04:42:19,55,0
2026-10-01 04:42:29,55,0
2026-10-01 04:42:39,55,0
2026-10-01 04:42:49,55,0
2026-10-01 04:42:59,55,0
2026-10-01 04:43:09,55,0
2026-10-01 04:43:19,55,0
2026-10-01 04:43:29,55,0
2026-10-01 04:43:39,55,0
2026-10-01 04:43:49,55,0
2026-10-01 04:43:59,55,0
2026-10-01 04:44:09,55,0
2026-10-01 04:44:19,55,0
2026-10-01 04:44:29,55,0
2026-10-01 04:44:39,55,0
2026-10-01 04:44:49,55,0
2026-10-01 04:44:59,55,0
2026-10-01 04:45:09,55,0
2026-10-01 04:45:19,55,0
2026-10-01 04:45:29,55,0
2026-10-01 04:45:40,55,0
2026-10-01 04:45:50,56,0
2026-10-01 04:46:00,55,0
2026-10-01 04:46:10,55,0
2026-10-01 04:46:20,55,0
2026-10-01 04:46:30,55,0
2026-10-01 04:46:40,55,0
2026-10-01 04:46:50,55,0
2026-10-01 04:47:00,55,0
2026-10-01 04:47:10,55,0
2026-10-01 04:47:20,55,0
2026-10-01 04:47:30,55,0
2026-10-01 04:47:40,55,0
2026-10-01 04:47:50,55,0
2026-10-01 04:48:00,55,0
2026-10-01 04:48:10,55,0
2026-10-01 04:48:20,55,0
2026-10-01 04:48:30,55,0
2026-10-01 04:48:40,55,0
2026-10-01 04:48:50,55,0
2026-10-01 04:49:00,55,0
2026-10-01 04:49:10,55,0
2026-10-01 04:49:20,55,0
2026-10-01 04:49:30,55,0
2026-10-01 04:49:40,55,0
2026-10-01 04:49:50,55,0
2026-10-01 04:50:00,55,0
2026-10-01 04:50:10,55,0
2026-10-01 04:50:20,55,0
2026-10-01 04:50:30,55,0
2026-10-01 04:50:40,55,0
2026-10-01 04:50:51,55,0
2026-10-01 04:51:01,55,0
2026-10-01 04:51:11,55,0
2026-10-01 04:51:21,55,0
2026-10-01 04:51:31,55,0
2026-10-01 04:51:41,55,0
2026-10-01 04:51:51,55,0
2026-10-01 04:52:01,55,0
2026-10-01 04:52:11,55,0
2026-10-01 04:52:21,55,0
2026-10-01 04:52:31,55,0
2026-10-01 04:52:41,54,0
2026-10-01 04:52:51,54,0
2026-10-01 04:53:01,54,0
2026-10-01 04:53:11,54,0
2026-10-01 04:53:21,54,0
2026-10-01 04:53:31,54,0
2026-10-01 04:53:41,54,0
2026-10-01 04:53:51,54,0
2026-10-01 04:54:01,54,0
2026-10-01 04:54:11,54,0
2026-10-01 04:54:21,54,0
2026-10-01 04:54:31,54,0
2026-10-01 04:54:41,54,0
2026-10-01 04:54:51,54,0
2026-10-01 04:55:01,54,0
2026-10-01 04:55:11,54,0
2026-10-01 04:55:21,54,0
2026-10-01 04:55:31,54,0
2026-10-01 04:55:41,55,0
2026-10-01 04:55:51,55,0
2026-10-01 04:56:02,55,0
2026-10-01 04:56:12,55,0
2026-10-01 04:56:22,55,0
2026-10-01 04:56:32,55,0
2026-10-01 04:56:42,55,0
2026-10-01 04:56:52,55,0
2026-10-01 04:57:02,55,0
2026-10-01 04:57:12,55,0
2026-10-01 04:57:22,55,0
2026-10-01 04:57:32,55,0
2026-10-01 04:57:42,55,0
2026-10-01 04:57:52,56,0
2026-10-01 04:58:02,55,0
2026-10-01 04:58:12,56,0
2026-10-01 04:58:22,56,0
2026-10-01 04:58:32,56,0
2026-10-01 04:58:42,56,0
2026-10-01 04:58:52,55,0
2026-10-01 04:59:02,56,0
2026-10-01 04:59:12,56,0
2026-10-01 04:59:22,56,0
2026-10-01 04:59:32,56,0
2026-10-01 04:59:42,56,0
2026-10-01 04:59:52,56,0
2026-10-01 05:00:02,55,0
2026-10-01 05:00:12,55,0
2026-10-01 05:00:22,55,0
2026-10-01 05:00:32,55,0
2026-10-01 05:00:42,55,0
2026-10-01 05:00:52,55,0
2026-10-01 05:01:02,55,0
2026-10-01 05:01:13,55,0
2026-10-01 05:01:23,55,0
2026-10-01 05:01:33,55,0
2026-10-01 05:01:43,55,0
2026-10-01 05:01:53,55,0
2026-10-01 05:02:03,55,0
2026-10-01 05:02:13,55,0
2026-10-01 05:02:23,55,0
2026-10-01 05:02:33,55,0
2026-10-01 05:02:43,55,0
2026-10-01 05:02:53,55,0
2026-10-01 05:03:03,55,0
2026-10-01 05:03:13,55,0
2026-10-01 05:03:23,55,0
2026-10-01 05:03:33,55,0
2026-10-01 05:03:43,55,0
2026-10-01 05:03:53,55,0
2026-10-01 05:04:03,55,0
2026-10-01 05:04:13,55,0
2026-10-01 05:04:23,55,0
2026-10-01 05:04:33,55,0
2026-10-01 05:04:43,55,0
2026-10-01 05:04:53,55,0
2026-10-01 05:05:03,55,0
2026-10-01 05:05:13,55,0
2026-10-01 05:05:23,55,0
2026-10-01 05:05:33,55,0
2026-10-01 05:05:43,55,0
2026-10-01 05:05:53,56,0
2026-10-01 05:06:03,55,0
2026-10-01 05:06:14,56,0
2026-10-01 05:06:24,55,0
2026-10-01 05:06:34,55,0
2026-10-01 05:06:44,56,0
2026-10-01 05:06:54,55,0
2026-10-01 05:07:04,55,0
2026-10-01 05:07:14,55,0
2026-10-01 05:07:24,55,0
2026-10-01 05:07:34,56,0
2026-10-01 05:07:44,56,0
2026-10-01 05:07:54,56,0
2026-10-01 05:08:04,56,0
2026-10-01 05:08:14,56,0
2026-10-01 05:08:24,56,0
2026-10-01 05:08:34,56,0
2026-10-01 05:08:44,56,0
2026-10-01 05:08:54,56,0
2026-10-01 05:09:04,56,0
2026-10-01 05:09:14,56,0
2026-10-01 05:09:24,56,0
2026-10-01 05:09:34,56,0
2026-10-01 05:09:44,56,0
2026-10-01 05:09:54,56,0
2026-10-01 05:10:04,56,0
2026-10-01 05:10:14,56,0
2026-10-01 05:10:24,56,0
2026-10-01 05:10:34,56,0
2026-10-01 05:10:44,56,0
2026-10-01 05:10:54,56,0
2026-10-01 05:11:04,56,0
2026-10-01 05:11:15,56,0
2026-10-01 05:11:25,56,0
2026-10-01 05:11:35,56,0
2026-10-01 05:11:45,56,0
2026-10-01 05:11:55,56,0
2026-10-01 05:12:05,56,0
2026-10-01 05:12:15,56,0
2026-10-01 05:12:25,56,0
2026-10-01 05:12:35,55,0
2026-10-01 05:12:45,56,0
2026-10-01 05:12:55,55,0
2026-10-01 05:13:05,55,0
2026-10-01 05:13:15,55,0
2026-10-01 05:13:25,55,0
2026-10-01 05:13:35,55,0
2026-10-01 05:13:45,55,0
2026-10-01 05:13:55,55,0
2026-10-01 05:14:05,55,0
2026-10-01 05:14:15,55,0
2026-10-01 05:14:25,55,0
2026-10-01 05:14:35,55,0
2026-10-01 05:14:45,55,0
2026-10-01 05:14:55,55,0
2026-10-01 05:15:05,55,0
2026-10-01 05:15:15,55,0
2026-10-01 05:15:25,55,0
2026-10-01 05:15:35,55,0
2026-10-01 05:15:45,55,0
2026-10-01 05:15:55,55,0
2026-10-01 05:16:05,55,0
2026-10-01 05:16:15,54,0
2026-10-01 05:16:26,55,0
2026-10-01 05:16:36,55,0
2026-10-01 05:16:46,54,0
2026-10-01 05:16:56,54,0
2026-10-01 05:17:06,54,0
2026-10-01 05:17:16,54,0
2026-10-01 05:17:26,54,0
2026-10-01 05:17:36,54,0
2026-10-01 05:17:46,55,0
2026-10-01 05:17:56,54,0
2026-10-01 05:18:06,55,0
2026-10-01 05:18:16,55,0
2026-10-01 05:18:26,54,0
2026-10-01 05:18:36,54,0
2026-10-01 05:18:46,55,0
2026-10-01 05:18:56,55,0
2026-10-01 05:19:06,54,0
2026-10-01 05:19:16,55,0
2026-10-01 05:19:26,55,0
2026-10-01 05:19:36,55,0
2026-10-01 05:19:46,55,0
2026-10-01 05:19:56,55,0
2026-10-01 05:20:06,55,0
2026-10-01 05:20:16,55,0
2026-10-01 05:20:26,55,0
2026-10-01 05:20:36,55,0
2026-10-01 05:20:46,55,0
2026-10-01 05:20:56,55,0
2026-10-01 05:21:06,55,0
2026-10-01 05:21:16,55,0
2026-10-01 05:21:26,55,0
2026-10-01 05:21:36,55,0
2026-10-01 05:21:47,55,0
2026-10-01 05:21:57,55,0
2026-10-01 05:22:07,55,0
2026-10-01 05:22:17,55,0
2026-10-01 05:22:27,55,0
2026-10-01 05:22:37,55,0
2026-10-01 05:22:47,55,0
2026-10-01 05:22:57,55,0
2026-10-01 05:23:07,55,0
2026-10-01 05:23:17,55,0
2026-10-01 05:23:27,55,0
2026-10-01 05:23:37,55,0
2026-10-01 05:23:47,55,0
2026-10-01 05:23:57,55,0
2026-10-01 05:24:07,55,0
2026-10-01 05:24:17,55,0
2026-10-01 05:24:27,55,0
2026-10-01 05:24:37,55,0
2026-10-01 05:24:47,55,0
2026-10-01 05:24:57,55,0
2026-10-01 05:25:07,55,0
2026-10-01 05:25:17,55,0
2026-10-01 05:25:27,55,0
2026-10-01 05:25:37,55,0
2026-10-01 05:25:47,55,0
2026-10-01 05:25:57,55,0
2026-10-01 05:26:07,55,0
2026-10-01 05:26:17,55,0
2026-10-01 05:26:27,56,0
2026-10-01 05:26:37,55,0
2026-10-01 05:26:48,56,0
2026-10-01 05:26:58,55,0
2026-10-01 05:27:08,55,0
2026-10-01 05:27:18,56,0
2026-10-01 05:27:28,56,0
2026-10-01 05:27:38,56,0
2026-10-01 05:27:48,56,0
2026-10-01 05:27:58,56,0
2026-10-01 05:28:08,56,0
2026-10-01 05:28:18,56,0
2026-10-01 05:28:28,56,0
2026-10-01 05:28:38,56,0
2026-10-01 05:28:48,56,0
2026-10-01 05:28:58,56,0
2026-10-01 05:29:08,56,0
2026-10-01 05:29:18,56,0
2026-10-01 05:29:28,56,0
2026-10-01 05:29:38,55,0
2026-10-01 05:29:48,56,0
2026-10-01 05:29:58,55,0
2026-10-01 05:30:08,55,0
2026-10-01 05:30:18,55,0
2026-10-01 05:30:28,55,0
2026-10-01 05:30:38,55,0
2026-10-01 05:30:48,55,0
2026-10-01 05:30:58,55,0
2026-10-01 05:31:08,55,0
2026-10-01 05:31:18,55,0
2026-10-01 05:31:28,55,0
2026-10-01 05:31:38,55,0
2026-10-01 05:31:48,55,0
2026-10-01 05:31:59,55,0
2026-10-01 05:32:09,55,0
2026-10-01 05:32:19,55,0
2026-10-01 05:32:29,55,0
2026-10-01 05:32:39,55,0
2026-10-01 05:32:49,55,0
2026-10-01 05:32:59,55,0
2026-10-01 05:33:09,55,0
2026-10-01 05:33:19,55,0
2026-10-01 05:33:29,55,0
2026-10-01 05:33:39,55,0
2026-10-01 05:33:49,55,0
2026-10-01 05:33:59,55,0
2026-10-01 05:34:09,55,0
2026-10-01 05:34:19,55,0
2026-10-01 05:34:29,55,0
2026-10-01 05:34:39,55,0
2026-10-01 05:34:49,55,0
2026-10-01 05:34:59,55,0
2026-10-01 05:35:09,55,0
2026-10-01 05:35:19,55,0
2026-10-01 05:35:29,55,0
2026-10-01 05:35:39,55,0
2026-10-01 05:35:49,55,0
2026-10-01 05:35:59,55,0
2026-10-01 05:36:09,55,0
2026-10-01 05:36:19,56,0
2026-10-01 05:36:29,56,0
2026-10-01 05:36:39,55,0
2026-10-01 05:36:49,56,0
2026-10-01 05:36:59,56,0
2026-10-01 05:37:10,56,0
2026-10-01 05:37:20,56,0
2026-10-01 05:37:30,55,0
2026-10-01 05:37:40,56,0
2026-10-01 05:37:50,56,0
2026-10-01 05:38:00,55,0
2026-10-01 05:38:10,55,0
2026-10-01 05:38:20,55,0
2026-10-01 05:38:30,55,0
2026-10-01 05:38:40,55,0
2026-10-01 05:38:50,55,0
2026-10-01 05:39:00,55,0
2026-10-01 05:39:10,55,0
2026-10-01 05:39:20,55,0
2026-10-01 05:39:30,56,0
2026-10-01 05:39:40,55,0
2026-10-01 05:39:50,55,0
2026-10-01 05:40:00,55,0
2026-10-01 05:40:10,55,0
2026-10-01 05:40:20,55,0
2026-10-01 05:40:30,55,0
2026-10-01 05:40:40,55,0
2026-10-01 05:40:50,55,0
2026-10-01 05:41:00,55,0
2026-10-01 05:41:10,55,0
2026-10-01 05:41:20,55,0
2026-10-01 05:41:30,55,0
2026-10-01 05:41:40,55,0
2026-10-01 05:41:50,55,0
2026-10-01 05:42:00,55,0
2026-10-01 05:42:10,55,0
2026-10-01 05:42:21,55,0
2026-10-01 05:42:31,56,0
2026-10-01 05:42:41,56,0
2026-10-01 05:42:51,56,0
2026-10-01 05:43:01,56,0
2026-10-01 05:43:11,55,0
2026-10-01 05:43:21,55,0
2026-10-01 05:43:31,55,0
2026-10-01 05:43:41,55,0
2026-10-01 05:43:51,55,0
2026-10-01 05:44:01,55,0
2026-10-01 05:44:11,55,0
2026-10-01 05:44:21,55,0
2026-10-01 05:44:31,55,0
2026-10-01 05:44:41,55,0
2026-10-01 05:44:51,55,0
2026-10-01 05:45:01,55,0
2026-10-01 05:45:11,55,0
2026-10-01 05:45:21,55,0
2026-10-01 05:45:31,55,0
2026-10-01 05:45:41,55,0
2026-10-01 05:45:51,55,0
2026-10-01 05:46:01,55,0
2026-10-01 05:46:11,55,0
2026-10-01 05:46:21,55,0
2026-10-01 05:46:31,55,0
2026-10-01 05:46:41,55,0
2026-10-01 05:46:51,55,0
2026-10-01 05:47:01,55,0
2026-10-01 05:47:11,55,0
2026-10-01 05:47:21,55,0
2026-10-01 05:47:32,55,0
2026-10-01 05:47:42,56,0
2026-10-01 05:47:52,56,0
2026-10-01 05:48:02,56,0
2026-10-01 05:48:12,56,0
2026-10-01 05:48:22,56,0
2026-10-01 05:48:32,56,0
2026-10-01 05:48:42,56,0
2026-10-01 05:48:52,56,0
2026-10-01 05:49:02,56,0
2026-10-01 05:49:12,56,0
2026-10-01 05:49:22,56,0
2026-10-01 05:49:32,56,0
2026-10-01 05:49:42,56,0
2026-10-01 05:49:52,56,0
2026-10-01 05:50:02,56,0
2026-10-01 05:50:12,56,0
2026-10-01 05:50:22,55,0
2026-10-01 05:50:32,55,0
2026-10-01 05:50:42,56,0
2026-10-01 05:50:52,55,0
2026-10-01 05:51:02,56,0
2026-10-01 05:51:12,56,0
2026-10-01 05:51:22,55,0
2026-10-01 05:51:32,56,0
2026-10-01 05:51:42,55,0
2026-10-01 05:51:52,55,0
2026-10-01 05:52:02,55,0
2026-10-01 05:52:12,55,0
2026-10-01 05:52:22,55,0
2026-10-01 05:52:33,55,0
2026-10-01 05:52:43,55,0
2026-10-01 05:52:53,56,0
2026-10-01 05:53:03,55,0
2026-10-01 05:53:13,55,0
2026-10-01 05:53:23,55,0
2026-10-01 05:53:33,55,0
2026-10-01 05:53:43,55,0
2026-10-01 05:53:53,55,0
2026-10-01 05:54:03,55,0
2026-10-01 05:54:13,55,0
2026-10-01 05:54:23,55,0
2026-10-01 05:54:33,54,0
2026-10-01 05:54:43,54,0
2026-10-01 05:54:53,54,0
2026-10-01 05:55:03,54,0
2026-10-01 05:55:13,54,0
2026-10-01 05:55:23,54,0
2026-10-01 05:55:33,54,0
2026-10-01 05:55:43,54,0
2026-10-01 05:55:53,54,0
2026-10-01 05:56:03,55,0
2026-10-01 05:56:13,54,0
2026-10-01 05:56:23,54,0
2026-10-01 05:56:33,55,0
2026-10-01 05:56:43,55,0
2026-10-01 05:56:53,55,0
2026-10-01 05:57:03,55,0
2026-10-01 05:57:13,55,0
2026-10-01 05:57:23,55,0
2026-10-01 05:57:33,55,0
2026-10-01 05:57:43,54,0
2026-10-01 05:57:53,54,0
2026-10-01 05:58:04,54,0
2026-10-01 05:58:14,54,0
2026-10-01 05:58:24,54,0
2026-10-01 05:58:34,54,0
2026-10-01 05:58:44,54,0
2026-10-01 05:58:54,54,0
2026-10-01 05:59:04,54,0
2026-10-01 05:59:14,54,0
2026-10-01 05:59:24,54,0
2026-10-01 05:59:34,55,0
2026-10-01 05:59:44,55,0
2026-10-01 05:59:54,55,0
2026-10-01 06:00:04,55,0
2026-10-01 06:00:14,55,0
2026-10-01 06:00:24,55,0
2026-10-01 06:00:34,55,0
2026-10-01 06:00:44,55,0
2026-10-01 06:00:54,55,0
2026-10-01 06:01:04,55,0
2026-10-01 06:01:14,55,0
2026-10-01 06:01:24,55,0
2026-10-01 06:01:34,55,0
2026-10-01 06:01:44,55,0
2026-10-01 06:01:54,55,0
2026-10-01 06:02:04,55,0
2026-10-01 06:02:14,55,0
2026-10-01 06:02:24,55,0
2026-10-01 06:02:34,55,0
2026-10-01 06:02:44,55,0
2026-10-01 06:02:54,56,0
2026-10-01 06:03:05,55,0
2026-10-01 06:03:15,55,0
2026-10-01 06:03:25,55,0
2026-10-01 06:03:35,56,0
2026-10-01 06:03:45,55,0
2026-10-01 06:03:55,56,0
2026-10-01 06:04:05,55,0
2026-10-01 06:04:15,56,0
2026-10-01 06:04:25,56,0
2026-10-01 06:04:35,56,0
2026-10-01 06:04:45,56,0
2026-10-01 06:04:55,56,0
2026-10-01 06:05:05,56,0
2026-10-01 06:05:15,56,0
2026-10-01 06:05:25,56,0
2026-10-01 06:05:35,56,0
2026-10-01 06:05:45,56,0
2026-10-01 06:05:55,56,0
2026-10-01 06:06:05,56,0
2026-10-01 06:06:15,56,0
2026-10-01 06:06:25,56,0
2026-10-01 06:06:35,56,0
2026-10-01 06:06:45,56,0
2026-10-01 06:06:55,56,0
2026-10-01 06:07:05,56,0
2026-10-01 06:07:15,56,0
2026-10-01 06:07:25,56,0
2026-10-01 06:07:35,56,0
2026-10-01 06:07:45,56,0
2026-10-01 06:07:55,56,0
2026-10-01 06:08:06,56,0
2026-10-01 06:08:16,56,0
2026-10-01 06:08:26,55,0
2026-10-01 06:08:36,55,0
2026-10-01 06:08:46,55,0
2026-10-01 06:08:56,55,0
2026-10-01 06:09:06,55,0
2026-10-01 06:09:16,55,0
2026-10-01 06:09:26,55,0
2026-10-01 06:09:36,55,0
2026-10-01 06:09:46,55,0
2026-10-01 06:09:56,55,0
2026-10-01 06:10:06,55,0
2026-10-01 06:10:16,55,0
2026-10-01 06:10:26,55,0
2026-10-01 06:10:36,55,0
2026-10-01 06:10:46,55,0
2026-10-01 06:10:56,55,0
2026-10-01 06:11:06,55,0
2026-10-01 06:11:16,55,0
2026-10-01 06:11:26,55,0
2026-10-01 06:11:36,55,0
2026-10-01 06:11:46,55,0
2026-10-01 06:11:56,55,0
2026-10-01 06:12:06,54,0
2026-10-01 06:12:16,55,0
2026-10-01 06:12:26,55,0
2026-10-01 06:12:36,54,0
2026-10-01 06:12:46,54,0
2026-10-01 06:12:56,54,0
2026-10-01 06:13:06,54,0
2026-10-01 06:13:16,55,0
2026-10-01 06:13:27,55,0
2026-10-01 06:13:37,54,0
2026-10-01 06:13:47,55,0
2026-10-01 06:13:57,55,0
2026-10-01 06:14:07,54,0
2026-10-01 06:14:17,54,0
2026-10-01 06:14:27,54,0
2026-10-01 06:14:37,54,0
2026-10-01 06:14:47,54,0
2026-10-01 06:14:57,54,0
2026-10-01 06:15:07,54,0
2026-10-01 06:15:17,54,0
2026-10-01 06:15:27,54,0
2026-10-01 06:15:37,54,0
2026-10-01 06:15:47,54,0
2026-10-01 06:15:57,54,0
2026-10-01 06:16:07,54,0
2026-10-01 06:16:17,54,0
2026-10-01 06:16:27,54,0
2026-10-01 06:16:37,54,0
2026-10-01 06:16:47,54,0
2026-10-01 06:16:57,54,0
2026-10-01 06:17:07,54,0
2026-10-01 06:17:17,54,0
2026-10-01 06:17:27,54,0
2026-10-01 06:17:37,54,0
2026-10-01 06:17:47,54,0
2026-10-01 06:17:57,54,0
2026-10-01 06:18:07,54,0
2026-10-01 06:18:17,54,0
2026-10-01 06:18:27,54,0
2026-10-01 06:18:37,54,0
2026-10-01 06:18:48,54,0
2026-10-01 06:18:58,54,0
2026-10-01 06:19:08,54,0
2026-10-01 06:19:18,54,0
2026-10-01 06:19:28,54,0
2026-10-01 06:19:38,54,0
2026-10-01 06:19:48,54,0
2026-10-01 06:19:58,55,0
2026-10-01 06:20:08,55,0
2026-10-01 06:20:18,55,0
2026-10-01 06:20:28,55,0
2026-10-01 06:20:38,55,0
2026-10-01 06:20:48,55,0
2026-10-01 06:20:58,55,0
2026-10-01 06:21:08,55,0
2026-10-01 06:21:18,55,0
2026-10-01 06:21:28,55,0
2026-10-01 06:21:38,55,0
2026-10-01 06:21:48,55,0
2026-10-01 06:21:58,55,0
2026-10-01 06:22:08,55,0
2026-10-01 06:22:18,55,0
2026-10-01 06:22:28,55,0
2026-10-01 06:22:38,55,0
2026-10-01 06:22:48,55,0
2026-10-01 06:22:58,55,0
2026-10-01 06:23:08,55,0
2026-10-01 06:23:18,55,0
2026-10-01 06:23:28,55,0
2026-10-01 06:23:38,55,0
2026-10-01 06:23:48,55,0
2026-10-01 06:23:59,55,0
2026-10-01 06:24:09,55,0
2026-10-01 06:24:19,55,0
2026-10-01 06:24:29,55,0
2026-10-01 06:24:39,55,0
2026-10-01 06:24:49,55,0
2026-10-01 06:24:59,55,0
2026-10-01 06:25:09,55,0
2026-10-01 06:25:19,55,0
2026-10-01 06:25:29,55,0
2026-10-01 06:25:39,55,0
2026-10-01 06:25:49,55,0
2026-10-01 06:25:59,55,0
2026-10-01 06:26:09,55,0
2026-10-01 06:26:19,55,0
2026-10-01 06:26:29,55,0
2026-10-01 06:26:39,55,0
2026-10-01 06:26:49,55,0
2026-10-01 06:26:59,55,0
2026-10-01 06:27:09,55,0
2026-10-01 06:27:19,55,0
2026-10-01 06:27:29,55,0
2026-10-01 06:27:39,55,0
2026-10-01 06:27:49,56,0
2026-10-01 06:27:59,56,0
2026-10-01 06:28:09,56,0
2026-10-01 06:28:19,56,0
2026-10-01 06:28:29,56,0
2026-10-01 06:28:39,56,0
2026-10-01 06:28:49,56,0
2026-10-01 06:28:59,56,0
2026-10-01 06:29:10,56,0
2026-10-01 06:29:20,56,0
2026-10-01 06:29:30,56,0
2026-10-01 06:29:40,56,0
2026-10-01 06:29:50,55,0
2026-10-01 06:30:00,56,0
2026-10-01 06:30:10,55,0
2026-10-01 06:30:20,55,0
2026-10-01 06:30:30,55,0
2026-10-01 06:30:40,55,0
2026-10-01 06:30:50,55,0
2026-10-01 06:31:00,55,0
2026-10-01 06:31:10,56,0
2026-10-01 06:31:20,56,0
2026-10-01 06:31:30,56,0
2026-10-01 06:31:40,56,0
2026-10-01 06:31:50,56,0
2026-10-01 06:32:00,56,0
2026-10-01 06:32:10,56,0
2026-10-01 06:32:20,56,0
2026-10-01 06:32:30,56,0
2026-10-01 06:32:40,56,0
2026-10-01 06:32:50,56,0
2026-10-01 06:33:00,56,0
2026-10-01 06:33:10,56,0
2026-10-01 06:33:20,56,0
2026-10-01 06:33:30,56,0
2026-10-01 06:33:40,56,0
2026-10-01 06:33:50,56,0
2026-10-01 06:34:00,56,0
2026-10-01 06:34:10,56,0
2026-10-01 06:34:21,56,0
2026-10-01 06:34:31,56,0
2026-10-01 06:34:41,56,0
2026-10-01 06:34:51,56,0
2026-10-01 06:35:01,56,0
2026-10-01 06:35:11,56,0
2026-10-01 06:35:21,56,0
2026-10-01 06:35:31,56,0
2026-10-01 06:35:41,56,0
2026-10-01 06:35:51,56,0
2026-10-01 06:36:01,56,0
2026-10-01 06:36:11,56,0
2026-10-01 06:36:21,56,0
2026-10-01 06:36:31,56,0
2026-10-01 06:36:41,56,0
2026-10-01 06:36:51,56,0
2026-10-01 06:37:01,55,0
2026-10-01 06:37:11,55,0
2026-10-01 06:37:21,55,0
2026-10-01 06:37:31,55,0
2026-10-01 06:37:41,55,0
2026-10-01 06:37:51,55,0
2026-10-01 06:38:01,55,0
2026-10-01 06:38:11,55,0
2026-10-01 06:38:21,55,0
2026-10-01 06:38:31,55,0
2026-10-01 06:38:41,55,0
2026-10-01 06:38:51,55,0
2026-10-01 06:39:01,55,0
2026-10-01 06:39:11,55,0
2026-10-01 06:39:21,55,0
2026-10-01 06:39:32,55,0
2026-10-01 06:39:42,55,0
2026-10-01 06:39:52,55,0
2026-10-01 06:40:02,55,0
2026-10-01 06:40:12,55,0
2026-10-01 06:40:22,55,0
2026-10-01 06:40:32,55,0
2026-10-01 06:40:42,55,0
2026-10-01 06:40:52,55,0
2026-10-01 06:41:02,55,0
2026-10-01 06:41:12,55,0
2026-10-01 06:41:22,55,0
2026-10-01 06:41:32,55,0
2026-10-01 06:41:42,55,0
2026-10-01 06:41:52,55,0
2026-10-01 06:42:02,55,0
2026-10-01 06:42:12,55,0
2026-10-01 06:42:22,55,0
2026-10-01 06:42:32,55,0
2026-10-01 06:42:42,55,0
2026-10-01 06:42:52,55,0
2026-10-01 06:43:02,55,0
2026-10-01 06:43:12,56,0
2026-10-01 06:43:22,55,0
2026-10-01 06:43:32,55,0
2026-10-01 06:43:42,56,0
2026-10-01 06:43:52,56,0
2026-10-01 06:44:02,56,0
2026-10-01 06:44:12,56,0
2026-10-01 06:44:22,55,0
2026-10-01 06:44:32,55,0
2026-10-01 06:44:43,55,0
2026-10-01 06:44:53,55,0
2026-10-01 06:45:03,55,0
2026-10-01 06:45:13,55,0
2026-10-01 06:45:23,55,0
2026-10-01 06:45:33,55,0
2026-10-01 06:45:43,55,0
2026-10-01 06:45:53,55,0
2026-10-01 06:46:03,55,0
2026-10-01 06:46:13,55,0
2026-10-01 06:46:23,55,0
2026-10-01 06:46:33,55,0
2026-10-01 06:46:43,55,0
2026-10-01 06:46:53,55,0
2026-10-01 06:47:03,55,0
2026-10-01 06:47:13,55,0
2026-10-01 06:47:23,55,0
2026-10-01 06:47:33,55,0
2026-10-01 06:47:43,55,0
2026-10-01 06:47:53,55,0
2026-10-01 06:48:03,55,0
2026-10-01 06:48:13,55,0
2026-10-01 06:48:23,55,0
2026-10-01 06:48:33,55,0
2026-10-01 06:48:43,55,0
2026-10-01 06:48:53,55,0
2026-10-01 06:49:03,55,0
2026-10-01 06:49:13,55,0
2026-10-01 06:49:23,55,0
2026-10-01 06:49:33,55,0
2026-10-01 06:49:43,55,0
2026-10-01 06:49:54,55,0
2026-10-01 06:50:04,55,0
2026-10-01 06:50:14,55,0
2026-10-01 06:50:24,55,0
2026-10-01 06:50:34,55,0
2026-10-01 06:50:44,56,0
2026-10-01 06:50:54,56,0
2026-10-01 06:51:04,56,0
2026-10-01 06:51:14,56,0
2026-10-01 06:51:24,56,0
2026-10-01 06:51:34,56,0
2026-10-01 06:51:44,56,0
2026-10-01 06:51:54,56,0
2026-10-01 06:52:04,56,0
2026-10-01 06:52:14,56,0
2026-10-01 06:52:24,56,0
2026-10-01 06:52:34,56,0
2026-10-01 06:52:44,56,0
2026-10-01 06:52:54,56,0
2026-10-01 06:53:04,56,0
2026-10-01 06:53:14,56,0
2026-10-01 06:53:24,56,0
2026-10-01 06:53:34,56,0
2026-10-01 06:53:44,56,0
2026-10-01 06:53:54,56,0
2026-10-01 06:54:04,56,0
2026-10-01 06:54:14,56,0
2026-10-01 06:54:24,56,0
2026-10-01 06:54:34,56,0
2026-10-01 06:54:44,56,0
2026-10-01 06:54:55,56,0
2026-10-01 06:55:05,56,0
2026-10-01 06:55:15,56,0
2026-10-01 06:55:25,56,0
2026-10-01 06:55:35,56,0
2026-10-01 06:55:45,56,0
2026-10-01 06:55:55,56,0
2026-10-01 06:56:05,56,0
2026-10-01 06:56:15,56,0
2026-10-01 06:56:25,56,0
2026-10-01 06:56:35,56,0
2026-10-01 06:56:45,56,0
2026-10-01 06:56:55,56,0
2026-10-01 06:57:05,56,0
2026-10-01 06:57:15,56,0
2026-10-01 06:57:25,56,0
2026-10-01 06:57:35,56,0
2026-10-01 06:57:45,56,0
2026-10-01 06:57:55,56,0
2026-10-01 06:58:05,56,0
2026-10-01 06:58:15,56,0
2026-10-01 06:58:25,56,0
2026-10-01 06:58:35,56,0
2026-10-01 06:58:45,56,0
2026-10-01 06:58:55,56,0
2026-10-01 06:59:05,56,0
2026-10-01 06:59:15,56,0
2026-10-01 06:59:25,56,0
2026-10-01 06:59:35,56,0
2026-10-01 06:59:45,56,0
2026-10-01 06:59:56,56,0
2026-10-01 07:00:06,56,0
2026-10-01 07:00:16,56,0
2026-10-01 07:00:26,56,0
2026-10-01 07:00:36,56,0
2026-10-01 07:00:46,56,0
2026-10-01 07:00:56,56,0
2026-10-01 07:01:06,56,0
2026-10-01 07:01:16,56,0
2026-10-01 07:01:26,56,0
2026-10-01 07:01:36,56,0
2026-10-01 07:01:46,55,0
2026-10-01 07:01:56,55,0
2026-10-01 07:02:06,55,0
2026-10-01 07:02:16,55,0
2026-10-01 07:02:26,55,0
2026-10-01 07:02:36,55,0
2026-10-01 07:02:46,55,0
2026-10-01 07:02:56,55,0
2026-10-01 07:03:06,55,0
2026-10-01 07:03:16,55,0
2026-10-01 07:03:26,55,0
2026-10-01 07:03:36,55,0
2026-10-01 07:03:46,55,0
2026-10-01 07:03:56,55,0
2026-10-01 07:04:06,55,0
2026-10-01 07:04:16,55,0
2026-10-01 07:04:26,55,0
2026-10-01 07:04:36,55,0
2026-10-01 07:04:46,55,0
2026-10-01 07:04:56,55,0
2026-10-01 07:05:06,55,0
2026-10-01 07:05:17,55,0
2026-10-01 07:05:27,55,0
2026-10-01 07:05:37,55,0
2026-10-01 07:05:47,55,0
2026-10-01 07:05:57,55,0
2026-10-01 07:06:07,55,0
2026-10-01 07:06:17,55,0
2026-10-01 07:06:27,55,0
2026-10-01 07:06:37,55,0
2026-10-01 07:06:47,55,0
2026-10-01 07:06:57,55,0
2026-10-01 07:07:07,55,0
2026-10-01 07:07:17,55,0
2026-10-01 07:07:27,55,0
2026-10-01 07:07:37,56,0
2026-10-01 07:07:47,56,0
2026-10-01 07:07:57,56,0
2026-10-01 07:08:07,56,0
2026-10-01 07:08:17,56,0
2026-10-01 07:08:27,56,0
2026-10-01 07:08:37,56,0
2026-10-01 07:08:47,56,0
2026-10-01 07:08:57,56,0
2026-10-01 07:09:07,56,0
2026-10-01 07:09:17,56,0
2026-10-01 07:09:27,56,0
2026-10-01 07:09:37,56,0
2026-10-01 07:09:47,56,0
2026-10-01 07:09:57,56,0
2026-10-01 07:10:07,56,0
2026-10-01 07:10:18,56,0
2026-10-01 07:10:28,56,0
2026-10-01 07:10:38,56,0
2026-10-01 07:10:48,56,0
2026-10-01 07:10:58,56,0
2026-10-01 07:11:08,56,0
2026-10-01 07:11:18,56,0
2026-10-01 07:11:28,56,0
2026-10-01 07:11:38,56,0
2026-10-01 07:11:48,56,0
2026-10-01 07:11:58,56,0
2026-10-01 07:12:08,56,0
2026-10-01 07:12:18,56,0
2026-10-01 07:12:28,56,0
2026-10-01 07:12:38,55,0
2026-10-01 07:12:48,56,0
2026-10-01 07:12:58,56,0
2026-10-01 07:13:08,56,0
2026-10-01 07:13:18,56,0
2026-10-01 07:13:28,56,0
2026-10-01 07:13:38,56,0
2026-10-01 07:13:48,56,0
2026-10-01 07:13:58,56,0
2026-10-01 07:14:08,56,0
2026-10-01 07:14:18,56,0
2026-10-01 07:14:28,56,0
2026-10-01 07:14:38,56,0
2026-10-01 07:14:48,56,0
2026-10-01 07:14:58,56,0
2026-10-01 07:15:08,56,0
2026-10-01 07:15:18,55,0
2026-10-01 07:15:29,55,0
2026-10-01 07:15:39,55,0
2026-10-01 07:15:49,55,0
2026-10-01 07:15:59,55,0
2026-10-01 07:16:09,55,0
2026-10-01 07:16:19,55,0
2026-10-01 07:16:29,55,0
2026-10-01 07:16:39,56,0
2026-10-01 07:16:49,56,0
2026-10-01 07:16:59,56,0
2026-10-01 07:17:09,56,0
2026-10-01 07:17:19,56,0
2026-10-01 07:17:29,56,0
2026-10-01 07:17:39,56,0
2026-10-01 07:17:49,56,0
2026-10-01 07:17:59,56,0
2026-10-01 07:18:09,56,0
2026-10-01 07:18:19,56,0
2026-10-01 07:18:29,56,0
2026-10-01 07:18:39,56,0
2026-10-01 07:18:49,56,0
2026-10-01 07:18:59,56,0
2026-10-01 07:19:09,56,0
2026-10-01 07:19:19,56,0
2026-10-01 07:19:29,55,0
2026-10-01 07:19:39,56,0
2026-10-01 07:19:49,56,0
2026-10-01 07:19:59,55,0
2026-10-01 07:20:09,56,0
2026-10-01 07:20:19,56,0
2026-10-01 07:20:29,56,0
2026-10-01 07:20:40,56,0
2026-10-01 07:20:50,56,0
2026-10-01 07:21:00,56,0
2026-10-01 07:21:10,56,0
2026-10-01 07:21:20,56,0
2026-10-01 07:21:30,56,0
2026-10-01 07:21:40,56,0
2026-10-01 07:21:50,56,0
2026-10-01 07:22:00,56,0
2026-10-01 07:22:10,56,0
2026-10-01 07:22:20,55,0
2026-10-01 07:22:30,56,0
2026-10-01 07:22:40,56,0
2026-10-01 07:22:50,56,0
2026-10-01 07:23:00,56,0
2026-10-01 07:23:10,56,0
2026-10-01 07:23:20,56,0
2026-10-01 07:23:30,56,0
2026-10-01 07:23:40,56,0
2026-10-01 07:23:50,56,0
2026-10-01 07:24:00,56,0
2026-10-01 07:24:10,56,0
2026-10-01 07:24:20,56,0
2026-10-01 07:24:30,56,0
2026-10-01 07:24:40,56,0
2026-10-01 07:24:50,56,0
2026-10-01 07:25:00,56,0
2026-10-01 07:25:10,56,0
2026-10-01 07:25:20,56,0
2026-10-01 07:25:30,56,0
2026-10-01 07:25:41,56,0
2026-10-01 07:25:51,56,0
2026-10-01 07:26:01,56,0
2026-10-01 07:26:11,56,0
2026-10-01 07:26:21,56,0
2026-10-01 07:26:31,56,0
2026-10-01 07:26:41,56,0
2026-10-01 07:26:51,56,0
2026-10-01 07:27:01,56,0
2026-10-01 07:27:11,56,0
2026-10-01 07:27:21,57,0
2026-10-01 07:27:31,57,0
2026-10-01 07:27:41,57,0
2026-10-01 07:27:51,57,0
2026-10-01 07:28:01,57,0
2026-10-01 07:28:11,57,0
2026-10-01 07:28:21,57,0
2026-10-01 07:28:31,57,0
2026-10-01 07:28:41,57,0
2026-10-01 07:28:51,56,0
2026-10-01 07:29:01,56,0
2026-10-01 07:29:11,56,0
2026-10-01 07:29:21,56,0
2026-10-01 07:29:31,56,0
2026-10-01 07:29:41,56,0
2026-10-01 07:29:51,56,0
2026-10-01 07:30:01,56,0
2026-10-01 07:30:11,56,0
2026-10-01 07:30:21,56,0
2026-10-01 07:30:31,56,0
2026-10-01 07:30:42,56,0
2026-10-01 07:30:52,56,0
2026-10-01 07:31:02,56,0
2026-10-01 07:31:12,56,0
2026-10-01 07:31:22,56,0
2026-10-01 07:31:32,56,0
2026-10-01 07:31:42,56,0
2026-10-01 07:31:52,56,0
2026-10-01 07:32:02,56,0
2026-10-01 07:32:12,56,0
2026-10-01 07:32:22,56,0
2026-10-01 07:32:32,56,0
2026-10-01 07:32:42,56,0
2026-10-01 07:32:52,56,0
2026-10-01 07:33:02,56,0
2026-10-01 07:33:12,56,0
2026-10-01 07:33:22,56,0
2026-10-01 07:33:32,56,0
2026-10-01 07:33:42,56,0
2026-10-01 07:33:52,56,0
2026-10-01 07:34:02,56,0
2026-10-01 07:34:12,56,0
2026-10-01 07:34:22,56,0
2026-10-01 07:34:32,56,0
2026-10-01 07:34:42,56,0
2026-10-01 07:34:52,56,0
2026-10-01 07:35:02,55,0
2026-10-01 07:35:12,56,0
2026-10-01 07:35:22,56,0
2026-10-01 07:35:32,56,0
2026-10-01 07:35:42,56,0
2026-10-01 07:35:53,56,0
2026-10-01 07:36:03,56,0
2026-10-01 07:36:13,56,0
2026-10-01 07:36:23,56,0
2026-10-01 07:36:33,56,0
2026-10-01 07:36:43,56,0
2026-10-01 07:36:53,56,0
2026-10-01 07:37:03,56,0
2026-10-01 07:37:13,56,0
2026-10-01 07:37:23,56,0
2026-10-01 07:37:33,56,0
2026-10-01 07:37:43,56,0
2026-10-01 07:37:53,56,0
2026-10-01 07:38:03,56,0
2026-10-01 07:38:13,56,0
2026-10-01 07:38:23,56,0
2026-10-01 07:38:33,56,0
2026-10-01 07:38:43,55,0
2026-10-01 07:38:53,55,0
2026-10-01 07:39:03,55,0
2026-10-01 07:39:13,55,0
2026-10-01 07:39:23,55,0
2026-10-01 07:39:33,55,0
2026-10-01 07:39:43,56,0
2026-10-01 07:39:53,56,0
2026-10-01 07:40:03,56,0
2026-10-01 07:40:13,56,0
2026-10-01 07:40:23,56,0
2026-10-01 07:40:33,56,0
2026-10-01 07:40:43,56,0
2026-10-01 07:40:54,56,0
2026-10-01 07:41:04,56,0
2026-10-01 07:41:14,56,0
2026-10-01 07:41:24,56,0
2026-10-01 07:41:34,56,0
2026-10-01 07:41:44,56,0
2026-10-01 07:41:54,56,0
2026-10-01 07:42:04,56,0
2026-10-01 07:42:14,56,0
2026-10-01 07:42:24,56,0
2026-10-01 07:42:34,56,0
2026-10-01 07:42:44,56,0
2026-10-01 07:42:54,56,0
2026-10-01 07:43:04,56,0
2026-10-01 07:43:14,56,0
2026-10-01 07:43:24,56,0
2026-10-01 07:43:34,56,0
2026-10-01 07:43:44,56,0
2026-10-01 07:43:54,56,0
2026-10-01 07:44:04,56,0
2026-10-01 07:44:14,56,0
2026-10-01 07:44:24,56,0
2026-10-01 07:44:34,56,0
2026-10-01 07:44:44,56,0
2026-10-01 07:44:54,56,0
2026-10-01 07:45:04,56,0
2026-10-01 07:45:14,57,0
2026-10-01 07:45:24,57,0
2026-10-01 07:45:34,57,0
2026-10-01 07:45:44,57,0
2026-10-01 07:45:55,57,0
2026-10-01 07:46:05,57,0
2026-10-01 07:46:15,57,0
2026-10-01 07:46:25,57,0
2026-10-01 07:46:35,57,0
2026-10-01 07:46:45,58,0
2026-10-01 07:46:55,58,0
2026-10-01 07:47:05,58,0
2026-10-01 07:47:15,58,0
2026-10-01 07:47:25,58,0
2026-10-01 07:47:35,58,0
2026-10-01 07:47:45,58,0
2026-10-01 07:47:55,58,0
2026-10-01 07:48:05,58,0
2026-10-01 07:48:15,58,0
2026-10-01 07:48:25,58,0
2026-10-01 07:48:35,58,0
2026-10-01 07:48:45,58,0
2026-10-01 07:48:55,58,0
2026-10-01 07:49:05,58,0
2026-10-01 07:49:15,58,0
2026-10-01 07:49:25,58,0
2026-10-01 07:49:35,58,0
2026-10-01 07:49:45,58,0
2026-10-01 07:49:55,58,0
2026-10-01 07:50:05,58,0
2026-10-01 07:50:15,57,0
2026-10-01 07:50:25,57,0
2026-10-01 07:50:36,57,0
2026-10-01 07:50:46,57,0
2026-10-01 07:50:56,57,0
2026-10-01 07:51:06,57,0
2026-10-01 07:51:16,57,0
2026-10-01 07:51:26,57,0
2026-10-01 07:51:36,57,0
2026-10-01 07:51:46,57,0
2026-10-01 07:51:56,57,0
2026-10-01 07:52:06,57,0
2026-10-01 07:52:16,57,0
2026-10-01 07:52:26,57,0
2026-10-01 07:52:36,57,0
2026-10-01 07:52:46,57,0
2026-10-01 07:52:56,57,0
2026-10-01 07:53:06,57,0
2026-10-01 07:53:16,57,0
2026-10-01 07:53:26,56,0
2026-10-01 07:53:36,56,0
2026-10-01 07:53:46,57,0
2026-10-01 07:53:56,56,0
2026-10-01 07:54:06,56,0
2026-10-01 07:54:16,56,0
2026-10-01 07:54:26,56,0
2026-10-01 07:54:36,56,0
2026-10-01 07:54:46,56,0
2026-10-01 07:54:56,56,0
2026-10-01 07:55:06,56,0
2026-10-01 07:55:16,56,0
2026-10-01 07:55:26,56,0
2026-10-01 07:55:36,56,0
2026-10-01 07:55:47,56,0
2026-10-01 07:55:57,56,0
2026-10-01 07:56:07,56,0
2026-10-01 07:56:17,56,0
2026-10-01 07:56:27,57,0
2026-10-01 07:56:37,57,0
2026-10-01 07:56:47,57,0
2026-10-01 07:56:57,57,0
2026-10-01 07:57:07,57,0
2026-10-01 07:57:17,56,0
2026-10-01 07:57:27,56,0
2026-10-01 07:57:37,56,0
2026-10-01 07:57:47,56,0
2026-10-01 07:57:57,56,0
2026-10-01 07:58:07,56,0
2026-10-01 07:58:17,56,0
2026-10-01 07:58:27,56,0
2026-10-01 07:58:37,56,0
2026-10-01 07:58:47,56,0
2026-10-01 07:58:57,56,0
2026-10-01 07:59:07,56,0
2026-10-01 07:59:17,56,0
2026-10-01 07:59:27,56,0
2026-10-01 07:59:37,56,0
2026-10-01 07:59:47,56,0
2026-10-01 07:59:57,56,0
2026-10-01 08:00:07,56,0
2026-10-01 08:00:17,56,0
2026-10-01 08:00:27,56,0
2026-10-01 08:00:37,56,0
2026-10-01 08:00:47,56,0
2026-10-01 08:00:58,56,0
2026-10-01 08:01:08,56,0
2026-10-01 08:01:18,56,0
2026-10-01 08:01:28,56,0
2026-10-01 08:01:38,56,0
2026-10-01 08:01:48,56,0
2026-10-01 08:01:58,56,0
2026-10-01 08:02:08,56,0
2026-10-01 08:02:18,56,0
2026-10-01 08:02:28,56,0
2026-10-01 08:02:38,56,0
2026-10-01 08:02:48,56,0
2026-10-01 08:02:58,56,0
2026-10-01 08:03:08,56,0
2026-10-01 08:03:18,56,0
2026-10-01 08:03:28,56,0
2026-10-01 08:03:38,56,0
2026-10-01 08:03:48,56,0
2026-10-01 08:03:58,56,0
2026-10-01 08:04:08,56,0
2026-10-01 08:04:18,56,0
2026-10-01 08:04:28,56,0
2026-10-01 08:04:38,56,0
2026-10-01 08:04:48,56,0
2026-10-01 08:04:58,56,0
2026-10-01 08:05:08,56,0
2026-10-01 08:05:18,56,0
2026-10-01 08:05:28,56,0
2026-10-01 08:05:38,56,0
2026-10-01 08:05:49,56,0
2026-10-01 08:05:59,56,0
2026-10-01 08:06:09,56,0
2026-10-01 08:06:19,56,0
2026-10-01 08:06:29,56,0
2026-10-01 08:06:39,56,0
2026-10-01 08:06:49,56,0
2026-10-01 08:06:59,56,0
2026-10-01 08:07:09,56,0
2026-10-01 08:07:19,56,0
2026-10-01 08:07:29,56,0
2026-10-01 08:07:39,56,0
2026-10-01 08:07:49,56,0
2026-10-01 08:07:59,56,0
2026-10-01 08:08:09,56,0
2026-10-01 08:08:19,56,0
2026-10-01 08:08:29,56,0
2026-10-01 08:08:39,56,0
2026-10-01 08:08:49,56,0
2026-10-01 08:08:59,56,0
2026-10-01 08:09:09,56,0
2026-10-01 08:09:19,56,0
2026-10-01 08:09:29,56,0
2026-10-01 08:09:39,56,0
2026-10-01 08:09:49,56,0
2026-10-01 08:09:59,56,0
2026-10-01 08:10:09,56,0
2026-10-01 08:10:19,56,0
2026-10-01 08:10:29,56,0
2026-10-01 08:10:39,56,0
2026-10-01 08:10:49,56,0
2026-10-01 08:11:00,55,0
2026-10-01 08:11:10,55,0
2026-10-01 08:11:20,55,0
2026-10-01 08:11:30,55,0
2026-10-01 08:11:40,55,0
2026-10-01 08:11:50,55,0
2026-10-01 08:12:00,55,0
2026-10-01 08:12:10,55,0
2026-10-01 08:12:20,55,0
2026-10-01 08:12:30,55,0
2026-10-01 08:12:40,55,0
2026-10-01 08:12:50,55,0
2026-10-01 08:13:00,55,0
2026-10-01 08:13:10,55,0
2026-10-01 08:13:20,55,0
2026-10-01 08:13:30,55,0
2026-10-01 08:13:40,55,0
2026-10-01 08:13:50,55,0
2026-10-01 08:14:00,55,0
2026-10-01 08:14:10,55,0
2026-10-01 08:14:20,55,0
2026-10-01 08:14:30,55,0
2026-10-01 08:14:40,55,0
2026-10-01 08:14:50,55,0
2026-10-01 08:15:00,55,0
2026-10-01 08:15:10,55,0
2026-10-01 08:15:20,55,0
2026-10-01 08:15:30,55,0
2026-10-01 08:15:40,55,0
2026-10-01 08:15:50,55,0
2026-10-01 08:16:00,55,0
2026-10-01 08:16:11,55,0
2026-10-01 08:16:21,56,0
2026-10-01 08:16:31,56,0
2026-10-01 08:16:41,56,0
2026-10-01 08:16:51,56,0
2026-10-01 08:17:01,56,0
2026-10-01 08:17:11,57,0
2026-10-01 08:17:21,57,0
2026-10-01 08:17:31,56,0
2026-10-01 08:17:41,56,0
2026-10-01 08:17:51,56,0
2026-10-01 08:18:01,56,0
2026-10-01 08:18:11,56,0
2026-10-01 08:18:21,56,0
2026-10-01 08:18:31,56,0
2026-10-01 08:18:41,56,0
2026-10-01 08:18:51,56,0
2026-10-01 08:19:01,56,0
2026-10-01 08:19:11,56,0
2026-10-01 08:19:21,56,0
2026-10-01 08:19:31,56,0
2026-10-01 08:19:41,56,0
2026-10-01 08:19:51,56,0
2026-10-01 08:20:01,56,0
2026-10-01 08:20:11,56,0
2026-10-01 08:20:21,56,0
2026-10-01 08:20:31,56,0
2026-10-01 08:20:41,56,0
2026-10-01 08:20:51,56,0
2026-10-01 08:21:01,56,0
2026-10-01 08:21:12,56,0
2026-10-01 08:21:22,56,0
2026-10-01 08:21:32,56,0
2026-10-01 08:21:42,56,0
2026-10-01 08:21:52,56,0
2026-10-01 08:22:02,56,0
2026-10-01 08:22:12,56,0
2026-10-01 08:22:22,56,0
2026-10-01 08:22:32,56,0
2026-10-01 08:22:42,56,0
2026-10-01 08:22:52,56,0
2026-10-01 08:23:02,56,0
2026-10-01 08:23:12,56,0
2026-10-01 08:23:22,56,0
2026-10-01 08:23:32,56,0
2026-10-01 08:23:42,56,0
2026-10-01 08:23:52,56,0
2026-10-01 08:24:02,56,0
2026-10-01 08:24:12,56,0
2026-10-01 08:24:22,56,0
2026-10-01 08:24:32,56,0
2026-10-01 08:24:42,56,0
2026-10-01 08:24:52,56,0
2026-10-01 08:25:02,56,0
2026-10-01 08:25:12,56,0
2026-10-01 08:25:22,56,0
2026-10-01 08:25:32,56,0
2026-10-01 08:25:42,56,0
2026-10-01 08:25:52,56,0
2026-10-01 08:26:02,56,0
2026-10-01 08:26:12,56,0
2026-10-01 08:26:23,55,0
2026-10-01 08:26:33,56,0
2026-10-01 08:26:43,56,0
2026-10-01 08:26:53,56,0
2026-10-01 08:27:03,56,0
2026-10-01 08:27:13,56,0
2026-10-01 08:27:23,56,0
2026-10-01 08:27:33,56,0
2026-10-01 08:27:43,56,0
2026-10-01 08:27:53,56,0
2026-10-01 08:28:03,55,0
2026-10-01 08:28:13,55,0
2026-10-01 08:28:23,55,0
2026-10-01 08:28:33,56,0
2026-10-01 08:28:43,55,0
2026-10-01 08:28:53,56,0
2026-10-01 08:29:03,55,0
2026-10-01 08:29:13,55,0
2026-10-01 08:29:23,55,0
2026-10-01 08:29:33,55,0
2026-10-01 08:29:43,55,0
2026-10-01 08:29:53,55,0
2026-10-01 08:30:03,55,0
2026-10-01 08:30:13,56,0
2026-10-01 08:30:23,56,0
2026-10-01 08:30:33,56,0
2026-10-01 08:30:43,56,0
2026-10-01 08:30:53,56,0
2026-10-01 08:31:03,56,0
2026-10-01 08:31:13,56,0
2026-10-01 08:31:23,56,0
2026-10-01 08:31:34,56,0
2026-10-01 08:31:44,56,0
2026-10-01 08:31:54,56,0
2026-10-01 08:32:04,56,0
2026-10-01 08:32:14,56,0
2026-10-01 08:32:24,56,0
2026-10-01 08:32:34,56,0
2026-10-01 08:32:44,56,0
2026-10-01 08:32:54,56,0
2026-10-01 08:33:04,56,0
2026-10-01 08:33:14,56,0
2026-10-01 08:33:24,56,0
2026-10-01 08:33:34,56,0
2026-10-01 08:33:44,56,0
2026-10-01 08:33:54,56,0
2026-10-01 08:34:04,56,0
2026-10-01 08:34:14,55,0
2026-10-01 08:34:24,56,0
2026-10-01 08:34:34,55,0
2026-10-01 08:34:44,55,0
2026-10-01 08:34:54,55,0
2026-10-01 08:35:04,55,0
2026-10-01 08:35:14,55,0
2026-10-01 08:35:24,55,0
2026-10-01 08:35:34,55,0
2026-10-01 08:35:44,55,0
2026-10-01 08:35:54,55,0
2026-10-01 08:36:04,55,0
2026-10-01 08:36:14,55,0
2026-10-01 08:36:24,55,0
2026-10-01 08:36:35,55,0
2026-10-01 08:36:45,55,0
2026-10-01 08:36:55,56,0
2026-10-01 08:37:05,56,0
2026-10-01 08:37:15,56,0
2026-10-01 08:37:25,56,0
2026-10-01 08:37:35,56,0
2026-10-01 08:37:45,57,0
2026-10-01 08:37:55,57,0
2026-10-01 08:38:05,58,0
2026-10-01 08:38:15,58,0
2026-10-01 08:38:25,58,0
2026-10-01 08:38:35,58,0
2026-10-01 08:38:45,58,0
2026-10-01 08:38:55,58,0
2026-10-01 08:39:05,58,0
2026-10-01 08:39:15,58,0
2026-10-01 08:39:25,58,0
2026-10-01 08:39:35,58,0
2026-10-01 08:39:45,58,0
2026-10-01 08:39:55,58,0
2026-10-01 08:40:05,58,0
2026-10-01 08:40:15,58,0
2026-10-01 08:40:25,58,0
2026-10-01 08:40:35,58,0
2026-10-01 08:40:45,58,0
2026-10-01 08:40:55,58,0
2026-10-01 08:41:05,59,0
2026-10-01 08:41:16,59,0
2026-10-01 08:41:26,59,0
2026-10-01 08:41:36,59,0
2026-10-01 08:41:46,59,0
2026-10-01 08:41:56,59,0
2026-10-01 08:42:06,59,0
2026-10-01 08:42:16,58,0
2026-10-01 08:42:26,58,0
2026-10-01 08:42:36,58,0
2026-10-01 08:42:46,58,0
2026-10-01 08:42:56,58,0
2026-10-01 08:43:06,58,0
2026-10-01 08:43:16,58,0
2026-10-01 08:43:26,58,0
2026-10-01 08:43:36,58,0
2026-10-01 08:43:46,58,0
2026-10-01 08:43:56,58,0
2026-10-01 08:44:06,58,0
2026-10-01 08:44:16,58,0
2026-10-01 08:44:26,58,0
2026-10-01 08:44:36,58,0
2026-10-01 08:44:46,58,0
2026-10-01 08:44:56,58,0
2026-10-01 08:45:06,58,0
2026-10-01 08:45:16,58,0
2026-10-01 08:45:26,58,0
2026-10-01 08:45:36,58,0
2026-10-01 08:45:46,58,0
2026-10-01 08:45:56,58,0
2026-10-01 08:46:07,58,0
2026-10-01 08:46:17,59,0
2026-10-01 08:46:27,58,0
2026-10-01 08:46:37,58,0
2026-10-01 08:46:47,58,0
2026-10-01 08:46:57,58,0
2026-10-01 08:47:07,58,0
2026-10-01 08:47:17,58,0
2026-10-01 08:47:27,58,0
2026-10-01 08:47:37,58,0
2026-10-01 08:47:47,58,0
2026-10-01 08:47:57,58,0
2026-10-01 08:48:07,58,0
2026-10-01 08:48:17,58,0
2026-10-01 08:48:27,58,0
2026-10-01 08:48:37,58,0
2026-10-01 08:48:47,59,0
2026-10-01 08:48:57,59,0
2026-10-01 08:49:07,59,0
2026-10-01 08:49:17,58,0
2026-10-01 08:49:27,58,0
2026-10-01 08:49:37,58,0
2026-10-01 08:49:47,58,0
2026-10-01 08:49:57,58,0
2026-10-01 08:50:07,58,0
2026-10-01 08:50:17,58,0
2026-10-01 08:50:27,58,0
2026-10-01 08:50:37,58,0
2026-10-01 08:50:47,58,0
2026-10-01 08:50:58,58,0
2026-10-01 08:51:08,58,0
2026-10-01 08:51:18,57,0
2026-10-01 08:51:28,57,0
2026-10-01 08:51:38,57,0
2026-10-01 08:51:48,57,0
2026-10-01 08:51:58,57,0
2026-10-01 08:52:08,57,0
2026-10-01 08:52:18,57,0
2026-10-01 08:52:28,58,0
2026-10-01 08:52:38,58,0
2026-10-01 08:52:48,58,0
2026-10-01 08:52:58,58,0
2026-10-01 08:53:08,58,0
2026-10-01 08:53:18,58,0
2026-10-01 08:53:28,58,0
2026-10-01 08:53:38,58,0
2026-10-01 08:53:48,58,0
2026-10-01 08:53:58,58,0
2026-10-01 08:54:08,58,0
2026-10-01 08:54:18,58,0
2026-10-01 08:54:28,58,0
2026-10-01 08:54:38,57,0
2026-10-01 08:54:48,57,0
2026-10-01 08:54:58,57,0
2026-10-01 08:55:08,57,0
2026-10-01 08:55:18,57,0
2026-10-01 08:55:28,57,0
2026-10-01 08:55:38,56,0
2026-10-01 08:55:48,56,0
2026-10-01 08:55:59,57,0
2026-10-01 08:56:09,57,0
2026-10-01 08:56:19,57,0
2026-10-01 08:56:29,57,0
2026-10-01 08:56:39,57,0
2026-10-01 08:56:49,57,0
2026-10-01 08:56:59,57,0
2026-10-01 08:57:09,57,0
2026-10-01 08:57:19,57,0
2026-10-01 08:57:29,57,0
2026-10-01 08:57:39,57,0
2026-10-01 08:57:49,56,0
2026-10-01 08:57:59,56,0
2026-10-01 08:58:09,56,0
2026-10-01 08:58:19,56,0
2026-10-01 08:58:29,56,0
2026-10-01 08:58:39,56,0
2026-10-01 08:58:49,56,0
2026-10-01 08:58:59,56,0
2026-10-01 08:59:09,56,0
2026-10-01 08:59:19,56,0
2026-10-01 08:59:29,56,0
2026-10-01 08:59:39,57,0
2026-10-01 08:59:49,57,0
2026-10-01 08:59:59,57,0
2026-10-01 09:00:09,56,0
2026-10-01 09:00:19,56,0
2026-10-01 09:00:29,56,0
2026-10-01 09:00:39,56,0
2026-10-01 09:00:49,56,0
2026-10-01 09:00:59,56,0
2026-10-01 09:01:10,56,0
2026-10-01 09:01:20,56,0
2026-10-01 09:01:30,56,0
2026-10-01 09:01:40,56,0
2026-10-01 09:01:50,56,0
2026-10-01 09:02:00,56,0
2026-10-01 09:02:10,56,0
2026-10-01 09:02:20,56,0
2026-10-01 09:02:30,56,0
2026-10-01 09:02:40,56,0
2026-10-01 09:02:50,56,0
2026-10-01 09:03:00,56,0
2026-10-01 09:03:10,56,0
2026-10-01 09:03:20,56,0
2026-10-01 09:03:30,56,0
2026-10-01 09:03:40,56,0
2026-10-01 09:03:50,56,0
2026-10-01 09:04:00,56,0
2026-10-01 09:04:10,56,0
2026-10-01 09:04:20,56,0
2026-10-01 09:04:30,56,0
2026-10-01 09:04:40,57,0
2026-10-01 09:04:50,57,0
2026-10-01 09:05:00,57,0
2026-10-01 09:05:10,57,0
2026-10-01 09:05:20,57,0
2026-10-01 09:05:30,57,0
2026-10-01 09:05:40,57,0
2026-10-01 09:05:50,57,0
2026-10-01 09:06:00,57,0
2026-10-01 09:06:10,56,0
2026-10-01 09:06:21,57,0
2026-10-01 09:06:31,56,0
2026-10-01 09:06:41,56,0
2026-10-01 09:06:51,56,0
2026-10-01 09:07:01,56,0
2026-10-01 09:07:11,56,0
2026-10-01 09:07:21,56,0
2026-10-01 09:07:31,56,0
2026-10-01 09:07:41,56,0
2026-10-01 09:07:51,56,0
2026-10-01 09:08:01,56,0
2026-10-01 09:08:11,55,0
2026-10-01 09:08:21,55,0
2026-10-01 09:08:31,55,0
2026-10-01 09:08:41,55,0
2026-10-01 09:08:51,55,0
2026-10-01 09:09:01,55,0
2026-10-01 09:09:11,55,0
2026-10-01 09:09:21,55,0
2026-10-01 09:09:31,55,0
2026-10-01 09:09:41,55,0
2026-10-01 09:09:51,55,0
2026-10-01 09:10:01,55,0
2026-10-01 09:10:11,55,0
2026-10-01 09:10:21,55,0
2026-10-01 09:10:31,55,0
2026-10-01 09:10:41,55,0
2026-10-01 09:10:51,55,0
2026-10-01 09:11:01,55,0
2026-10-01 09:11:11,55,0
2026-10-01 09:11:21,55,0
2026-10-01 09:11:32,55,0
2026-10-01 09:11:42,55,0
2026-10-01 09:11:52,56,0
2026-10-01 09:12:02,56,0
2026-10-01 09:12:12,56,0
2026-10-01 09:12:22,56,0
2026-10-01 09:12:32,56,0
2026-10-01 09:12:42,56,0
2026-10-01 09:12:52,56,0
2026-10-01 09:13:02,56,0
2026-10-01 09:13:12,56,0
2026-10-01 09:13:22,56,0
2026-10-01 09:13:32,56,0
2026-10-01 09:13:42,56,0
2026-10-01 09:13:52,56,0
2026-10-01 09:14:02,57,0
2026-10-01 09:14:12,57,0
2026-10-01 09:14:22,56,0
2026-10-01 09:14:32,56,0
2026-10-01 09:14:42,57,0
2026-10-01 09:14:52,57,0
2026-10-01 09:15:02,56,0
2026-10-01 09:15:12,57,0
2026-10-01 09:15:22,56,0
2026-10-01 09:15:32,57,0
2026-10-01 09:15:42,56,0
2026-10-01 09:15:52,56,0
2026-10-01 09:16:02,57,0
2026-10-01 09:16:12,57,0
2026-10-01 09:16:22,57,0
2026-10-01 09:16:33,57,0
2026-10-01 09:16:43,57,0
2026-10-01 09:16:53,57,0
2026-10-01 09:17:03,57,0
2026-10-01 09:17:13,57,0
2026-10-01 09:17:23,57,0
2026-10-01 09:17:33,57,0
2026-10-01 09:17:43,57,0
2026-10-01 09:17:53,57,0
2026-10-01 09:18:03,57,0
2026-10-01 09:18:13,57,0
2026-10-01 09:18:23,57,0
2026-10-01 09:18:33,57,0
2026-10-01 09:18:43,57,0
2026-10-01 09:18:53,57,0
2026-10-01 09:19:03,57,0
2026-10-01 09:19:13,57,0
2026-10-01 09:19:23,57,0
2026-10-01 09:19:33,57,0
2026-10-01 09:19:43,57,0
2026-10-01 09:19:53,57,0
2026-10-01 09:20:03,57,0
2026-10-01 09:20:13,57,0
2026-10-01 09:20:23,57,0
2026-10-01 09:20:33,57,0
2026-10-01 09:20:43,57,0
2026-10-01 09:20:53,57,0
2026-10-01 09:21:03,57,0
2026-10-01 09:21:13,57,0
2026-10-01 09:21:24,57,0
2026-10-01 09:21:34,57,0
2026-10-01 09:21:44,57,0
2026-10-01 09:21:54,57,0
2026-10-01 09:22:04,57,0
2026-10-01 09:22:14,57,0
2026-10-01 09:22:24,57,0
2026-10-01 09:22:34,57,0
2026-10-01 09:22:44,57,0
2026-10-01 09:22:54,57,0
2026-10-01 09:23:04,57,0
2026-10-01 09:23:14,57,0
2026-10-01 09:23:24,57,0
2026-10-01 09:23:34,57,0
2026-10-01 09:23:44,57,0
2026-10-01 09:23:54,57,0
2026-10-01 09:24:04,57,0
2026-10-01 09:24:14,56,0
2026-10-01 09:24:24,57,0
2026-10-01 09:24:34,57,0
2026-10-01 09:24:44,57,0
2026-10-01 09:24:54,57,0
2026-10-01 09:25:04,56,0
2026-10-01 09:25:14,57,0
2026-10-01 09:25:24,57,0
2026-10-01 09:25:34,57,0
2026-10-01 09:25:44,57,0
2026-10-01 09:25:54,57,0
2026-10-01 09:26:04,57,0
2026-10-01 09:26:14,57,0
2026-10-01 09:26:25,57,0
2026-10-01 09:26:35,57,0
2026-10-01 09:26:45,57,0
2026-10-01 09:26:55,57,0
2026-10-01 09:27:05,57,0
2026-10-01 09:27:15,57,0
2026-10-01 09:27:25,57,0
2026-10-01 09:27:35,57,0
2026-10-01 09:27:45,57,0
2026-10-01 09:27:55,57,0
2026-10-01 09:28:05,56,0
2026-10-01 09:28:15,56,0
2026-10-01 09:28:25,56,0
2026-10-01 09:28:35,56,0
2026-10-01 09:28:45,56,0
2026-10-01 09:28:55,56,0
2026-10-01 09:29:05,56,0
2026-10-01 09:29:15,56,0
2026-10-01 09:29:25,56,0
2026-10-01 09:29:35,56,0
2026-10-01 09:29:45,56,0
2026-10-01 09:29:55,56,0
2026-10-01 09:30:05,56,0
2026-10-01 09:30:15,56,0
2026-10-01 09:30:25,56,0
2026-10-01 09:30:35,56,0
2026-10-01 09:30:45,56,0
2026-10-01 09:30:55,56,0
2026-10-01 09:31:05,56,0
2026-10-01 09:31:15,56,0
2026-10-01 09:31:25,56,0
2026-10-01 09:31:36,56,0
2026-10-01 09:31:46,56,0
2026-10-01 09:31:56,56,0
2026-10-01 09:32:06,56,0
2026-10-01 09:32:16,56,0
2026-10-01 09:32:26,56,0
2026-10-01 09:32:36,56,0
2026-10-01 09:32:46,56,0
2026-10-01 09:32:56,56,0
2026-10-01 09:33:06,56,0
2026-10-01 09:33:16,56,0
2026-10-01 09:33:26,56,0
2026-10-01 09:33:36,56,0
2026-10-01 09:33:46,56,0
2026-10-01 09:33:56,56,0
2026-10-01 09:34:06,56,0
2026-10-01 09:34:16,56,0
2026-10-01 09:34:26,56,0
2026-10-01 09:34:36,56,0
2026-10-01 09:34:46,56,0
2026-10-01 09:34:56,56,0
2026-10-01 09:35:06,56,0
2026-10-01 09:35:16,56,0
2026-10-01 09:35:26,56,0
2026-10-01 09:35:36,56,0
2026-10-01 09:35:46,56,0
2026-10-01 09:35:56,56,0
2026-10-01 09:36:06,56,0
2026-10-01 09:36:16,56,0
2026-10-01 09:36:26,56,0
2026-10-01 09:36:36,56,0
2026-10-01 09:36:47,56,0
2026-10-01 09:36:57,56,0
2026-10-01 09:37:07,56,0
2026-10-01 09:37:17,55,0
2026-10-01 09:37:27,56,0
2026-10-01 09:37:37,56,0
2026-10-01 09:37:47,56,0
2026-10-01 09:37:57,56,0
2026-10-01 09:38:07,56,0
2026-10-01 09:38:17,56,0
2026-10-01 09:38:27,55,0
2026-10-01 09:38:37,55,0
2026-10-01 09:38:47,55,0
2026-10-01 09:38:57,55,0
2026-10-01 09:39:07,55,0
2026-10-01 09:39:17,55,0
2026-10-01 09:39:27,55,0
2026-10-01 09:39:37,55,0
2026-10-01 09:39:47,55,0
2026-10-01 09:39:57,55,0
2026-10-01 09:40:07,55,0
2026-10-01 09:40:17,55,0
2026-10-01 09:40:27,55,0
2026-10-01 09:40:37,55,0
2026-10-01 09:40:47,55,0
2026-10-01 09:40:57,55,0
2026-10-01 09:41:07,55,0
2026-10-01 09:41:17,55,0
2026-10-01 09:41:27,55,0
2026-10-01 09:41:37,55,0
2026-10-01 09:41:47,55,0
2026-10-01 09:41:58,55,0
2026-10-01 09:42:08,55,0
2026-10-01 09:42:18,55,0
2026-10-01 09:42:28,55,0
2026-10-01 09:42:38,55,0
2026-10-01 09:42:48,55,0
2026-10-01 09:42:58,55,0
2026-10-01 09:43:08,55,0
2026-10-01 09:43:18,55,0
2026-10-01 09:43:28,55,0
2026-10-01 09:43:38,55,0
2026-10-01 09:43:48,55,0
2026-10-01 09:43:58,55,0
2026-10-01 09:44:08,55,0
2026-10-01 09:44:18,55,0
2026-10-01 09:44:28,55,0
2026-10-01 09:44:38,55,0
2026-10-01 09:44:48,55,0
2026-10-01 09:44:58,55,0
2026-10-01 09:45:08,55,0
2026-10-01 09:45:18,55,0
2026-10-01 09:45:28,55,0
2026-10-01 09:45:38,55,0
2026-10-01 09:45:48,54,0
2026-10-01 09:45:58,54,0
2026-10-01 09:46:08,54,0
2026-10-01 09:46:18,54,0
2026-10-01 09:46:28,54,0
2026-10-01 09:46:38,54,0
2026-10-01 09:46:48,54,0
2026-10-01 09:46:58,54,0
2026-10-01 09:47:09,54,0
2026-10-01 09:47:19,55,0
2026-10-01 09:47:29,55,0
2026-10-01 09:47:39,54,0
2026-10-01 09:47:49,54,0
2026-10-01 09:47:59,54,0
2026-10-01 09:48:09,54,0
2026-10-01 09:48:19,54,0
2026-10-01 09:48:29,54,0
2026-10-01 09:48:39,55,0
2026-10-01 09:48:49,55,0
2026-10-01 09:48:59,55,0
2026-10-01 09:49:09,55,0
2026-10-01 09:49:19,55,0
2026-10-01 09:49:29,55,0
2026-10-01 09:49:39,55,0
2026-10-01 09:49:49,55,0
2026-10-01 09:49:59,55,0
2026-10-01 09:50:09,55,0
2026-10-01 09:50:19,55,0
2026-10-01 09:50:29,55,0
2026-10-01 09:50:39,55,0
2026-10-01 09:50:49,55,0
2026-10-01 09:50:59,55,0
2026-10-01 09:51:09,55,0
2026-10-01 09:51:19,55,0
2026-10-01 09:51:29,55,0
2026-10-01 09:51:39,55,0
2026-10-01 09:51:49,55,0
2026-10-01 09:51:59,55,0
2026-10-01 09:52:09,55,0
2026-10-01 09:52:20,55,0
2026-10-01 09:52:30,55,0
2026-10-01 09:52:40,55,0
2026-10-01 09:52:50,55,0
2026-10-01 09:53:00,55,0
2026-10-01 09:53:10,55,0
2026-10-01 09:53:20,55,0
2026-10-01 09:53:30,55,0
2026-10-01 09:53:40,55,0
2026-10-01 09:53:50,55,0
2026-10-01 09:54:00,55,0
2026-10-01 09:54:10,55,0
2026-10-01 09:54:20,55,0
2026-10-01 09:54:30,55,0
2026-10-01 09:54:40,55,0
2026-10-01 09:54:50,55,0
2026-10-01 09:55:00,55,0
2026-10-01 09:55:10,55,0
2026-10-01 09:55:20,55,0
2026-10-01 09:55:30,55,0
2026-10-01 09:55:40,54,0
2026-10-01 09:55:50,55,0
2026-10-01 09:56:00,54,0
2026-10-01 09:56:10,55,0
2026-10-01 09:56:20,55,0
2026-10-01 09:56:30,55,0
2026-10-01 09:56:40,55,0
2026-10-01 09:56:50,55,0
2026-10-01 09:57:00,55,0
2026-10-01 09:57:10,55,0
2026-10-01 09:57:20,55,0
2026-10-01 09:57:31,55,0
2026-10-01 09:57:41,55,0
2026-10-01 09:57:51,55,0
2026-10-01 09:58:01,55,0
2026-10-01 09:58:11,55,0
2026-10-01 09:58:21,55,0
2026-10-01 09:58:31,55,0
2026-10-01 09:58:41,55,0
2026-10-01 09:58:51,55,0
2026-10-01 09:59:01,55,0
2026-10-01 09:59:11,55,0
2026-10-01 09:59:21,55,0
2026-10-01 09:59:31,55,0
2026-10-01 09:59:41,55,0
2026-10-01 09:59:51,55,0
2026-10-01 10:00:01,55,0
2026-10-01 10:00:11,55,0
2026-10-01 10:00:21,55,0
2026-10-01 10:00:31,55,0
2026-10-01 10:00:41,55,0
2026-10-01 10:00:51,55,0
2026-10-01 10:01:01,55,0
2026-10-01 10:01:11,55,0
2026-10-01 10:01:21,55,0
2026-10-01 10:01:31,55,0
2026-10-01 10:01:41,55,0
2026-10-01 10:01:51,55,0
2026-10-01 10:02:01,55,0
2026-10-01 10:02:11,55,0
2026-10-01 10:02:21,55,0
2026-10-01 10:02:32,55,0
2026-10-01 10:02:42,55,0
2026-10-01 10:02:52,55,0
2026-10-01 10:03:02,55,0
2026-10-01 10:03:12,55,0
2026-10-01 10:03:22,55,0
2026-10-01 10:03:32,55,0
2026-10-01 10:03:42,55,0
2026-10-01 10:03:52,55,0
2026-10-01 10:04:02,55,0
2026-10-01 10:04:12,55,0
2026-10-01 10:04:22,55,0
2026-10-01 10:04:32,55,0
2026-10-01 10:04:42,55,0
2026-10-01 10:04:52,55,0
2026-10-01 10:05:02,55,0
2026-10-01 10:05:12,55,0
2026-10-01 10:05:22,55,0
2026-10-01 10:05:32,55,0
2026-10-01 10:05:42,55,0
2026-10-01 10:05:52,55,0
2026-10-01 10:06:02,55,0
2026-10-01 10:06:12,55,0
2026-10-01 10:06:22,55,0
2026-10-01 10:06:32,55,0
2026-10-01 10:06:42,55,0
2026-10-01 10:06:52,55,0
2026-10-01 10:07:02,55,0
2026-10-01 10:07:12,55,0
2026-10-01 10:07:22,55,0
2026-10-01 10:07:32,56,0
2026-10-01 10:07:43,55,0
2026-10-01 10:07:53,56,0
2026-10-01 10:08:03,56,0
2026-10-01 10:08:13,55,0
2026-10-01 10:08:23,56,0
2026-10-01 10:08:33,56,0
2026-10-01 10:08:43,56,0
2026-10-01 10:08:53,55,0
2026-10-01 10:09:03,55,0
2026-10-01 10:09:13,55,0
2026-10-01 10:09:23,55,0
2026-10-01 10:09:33,55,0
2026-10-01 10:09:43,55,0
2026-10-01 10:09:53,56,0
2026-10-01 10:10:03,56,0
2026-10-01 10:10:13,56,0
2026-10-01 10:10:23,55,0
2026-10-01 10:10:33,56,0
2026-10-01 10:10:43,56,0
2026-10-01 10:10:53,56,0
2026-10-01 10:11:03,56,0
2026-10-01 10:11:13,56,0
2026-10-01 10:11:23,56,0
2026-10-01 10:11:33,55,0
2026-10-01 10:11:43,56,0
2026-10-01 10:11:53,56,0
2026-10-01 10:12:03,55,0
2026-10-01 10:12:13,56,0
2026-10-01 10:12:23,55,0
2026-10-01 10:12:33,56,0
2026-10-01 10:12:43,56,0
2026-10-01 10:12:54,56,0
2026-10-01 10:13:04,56,0
2026-10-01 10:13:14,56,0
2026-10-01 10:13:24,56,0
2026-10-01 10:13:34,57,0
2026-10-01 10:13:44,57,0
2026-10-01 10:13:54,56,0
2026-10-01 10:14:04,56,0
2026-10-01 10:14:14,56,0
2026-10-01 10:14:24,56,0
2026-10-01 10:14:34,56,0
2026-10-01 10:14:44,56,0
2026-10-01 10:14:54,56,0
2026-10-01 10:15:04,56,0
2026-10-01 10:15:14,56,0
2026-10-01 10:15:24,56,0
2026-10-01 10:15:34,56,0
2026-10-01 10:15:44,56,0
2026-10-01 10:15:54,56,0
2026-10-01 10:16:04,56,0
2026-10-01 10:16:14,56,0
2026-10-01 10:16:24,56,0
2026-10-01 10:16:34,56,0
2026-10-01 10:16:44,56,0
2026-10-01 10:16:54,56,0
2026-10-01 10:17:04,56,0
2026-10-01 10:17:14,56,0
2026-10-01 10:17:24,56,0
2026-10-01 10:17:34,56,0
2026-10-01 10:17:44,56,0
2026-10-01 10:17:55,56,0
2026-10-01 10:18:05,56,0
2026-10-01 10:18:15,56,0
2026-10-01 10:18:25,56,0
2026-10-01 10:18:35,56,0
2026-10-01 10:18:45,56,0
2026-10-01 10:18:55,56,0
2026-10-01 10:19:05,56,0
2026-10-01 10:19:15,56,0
2026-10-01 10:19:25,56,0
2026-10-01 10:19:35,56,0
2026-10-01 10:19:45,56,0
2026-10-01 10:19:55,56,0
2026-10-01 10:20:05,56,0
2026-10-01 10:20:15,56,0
2026-10-01 10:20:25,56,0
2026-10-01 10:20:35,56,0
2026-10-01 10:20:45,56,0
2026-10-01 10:20:55,56,0
2026-10-01 10:21:05,56,0
2026-10-01 10:21:15,56,0
2026-10-01 10:21:25,56,0
2026-10-01 10:21:35,56,0
2026-10-01 10:21:45,56,0
2026-10-01 10:21:55,56,0
2026-10-01 10:22:05,55,0
2026-10-01 10:22:15,55,0
2026-10-01 10:22:25,55,0
2026-10-01 10:22:35,55,0
2026-10-01 10:22:45,56,0
2026-10-01 10:22:55,56,0
2026-10-01 10:23:06,56,0
2026-10-01 10:23:16,56,0
2026-10-01 10:23:26,56,0
2026-10-01 10:23:36,56,0
2026-10-01 10:23:46,56,0
2026-10-01 10:23:56,55,0
2026-10-01 10:24:06,55,0
2026-10-01 10:24:16,55,0
2026-10-01 10:24:26,55,0
2026-10-01 10:24:36,56,0
2026-10-01 10:24:46,56,0
2026-10-01 10:24:56,55,0
2026-10-01 10:25:06,56,0
2026-10-01 10:25:16,56,0
2026-10-01 10:25:26,56,0
2026-10-01 10:25:36,55,0
2026-10-01 10:25:46,55,0
2026-10-01 10:25:56,55,0
2026-10-01 10:26:06,55,0
2026-10-01 10:26:16,56,0
2026-10-01 10:26:26,56,0
2026-10-01 10:26:36,55,0
2026-10-01 10:26:46,55,0
2026-10-01 10:26:56,55,0
2026-10-01 10:27:06,55,0
2026-10-01 10:27:16,55,0
2026-10-01 10:27:26,55,0
2026-10-01 10:27:36,55,0
2026-10-01 10:27:46,55,0
2026-10-01 10:27:56,55,0
2026-10-01 10:28:07,55,0
2026-10-01 10:28:17,55,0
2026-10-01 10:28:27,55,0
2026-10-01 10:28:37,55,0
2026-10-01 10:28:47,55,0
2026-10-01 10:28:57,55,0
2026-10-01 10:29:07,55,0
2026-10-01 10:29:17,55,0
2026-10-01 10:29:27,55,0
2026-10-01 10:29:37,55,0
2026-10-01 10:29:47,55,0
2026-10-01 10:29:57,55,0
2026-10-01 10:30:07,55,0
2026-10-01 10:30:17,55,0
2026-10-01 10:30:27,55,0
2026-10-01 10:30:37,55,0
2026-10-01 10:30:47,55,0
2026-10-01 10:30:57,55,0
2026-10-01 10:31:07,56,0
2026-10-01 10:31:17,56,0
2026-10-01 10:31:27,56,0
2026-10-01 10:31:37,56,0
2026-10-01 10:31:47,56,0
2026-10-01 10:31:57,56,0
2026-10-01 10:32:07,56,0
2026-10-01 10:32:17,56,0
2026-10-01 10:32:27,56,0
2026-10-01 10:32:37,55,0
2026-10-01 10:32:47,55,0
2026-10-01 10:32:57,55,0
2026-10-01 10:33:07,55,0
2026-10-01 10:33:18,55,0
2026-10-01 10:33:28,55,0
2026-10-01 10:33:38,55,0
2026-10-01 10:33:48,55,0
2026-10-01 10:33:58,55,0
2026-10-01 10:34:08,55,0
2026-10-01 10:34:18,55,0
2026-10-01 10:34:28,55,0
2026-10-01 10:34:38,55,0
2026-10-01 10:34:48,55,0
2026-10-01 10:34:58,55,0
2026-10-01 10:35:08,55,0
2026-10-01 10:35:18,55,0
2026-10-01 10:35:28,55,0
2026-10-01 10:35:38,55,0
2026-10-01 10:35:48,55,0
2026-10-01 10:35:58,55,0
2026-10-01 10:36:08,55,0
2026-10-01 10:36:18,55,0
2026-10-01 10:36:28,55,0
2026-10-01 10:36:38,55,0
2026-10-01 10:36:48,55,0
2026-10-01 10:36:58,56,0
2026-10-01 10:37:08,55,0
2026-10-01 10:37:18,56,0
2026-10-01 10:37:28,56,0
2026-10-01 10:37:38,56,0
2026-10-01 10:37:48,56,0
2026-10-01 10:37:58,56,0
2026-10-01 10:38:08,56,0
2026-10-01 10:38:19,56,0
2026-10-01 10:38:29,56,0
2026-10-01 10:38:39,56,0
2026-10-01 10:38:49,56,0
2026-10-01 10:38:59,56,0
2026-10-01 10:39:09,56,0
2026-10-01 10:39:19,56,0
2026-10-01 10:39:29,56,0
2026-10-01 10:39:39,56,0
2026-10-01 10:39:49,56,0
2026-10-01 10:39:59,56,0
2026-10-01 10:40:09,56,0
2026-10-01 10:40:19,56,0
2026-10-01 10:40:29,56,0
2026-10-01 10:40:39,55,0
2026-10-01 10:40:49,56,0
2026-10-01 10:40:59,55,0
2026-10-01 10:41:09,55,0
2026-10-01 10:41:19,55,0
2026-10-01 10:41:29,55,0
2026-10-01 10:41:39,55,0
2026-10-01 10:41:49,55,0
2026-10-01 10:41:59,55,0
2026-10-01 10:42:09,55,0
2026-10-01 10:42:19,55,0
2026-10-01 10:42:29,55,0
2026-10-01 10:42:39,55,0
2026-10-01 10:42:49,55,0
2026-10-01 10:42:59,55,0
2026-10-01 10:43:09,55,0
2026-10-01 10:43:19,55,0
2026-10-01 10:43:30,56,0
2026-10-01 10:43:40,56,0
2026-10-01 10:43:50,56,0
2026-10-01 10:44:00,56,0
2026-10-01 10:44:10,56,0
2026-10-01 10:44:20,56,0
2026-10-01 10:44:30,56,0
2026-10-01 10:44:40,56,0
2026-10-01 10:44:50,56,0
2026-10-01 10:45:00,56,0
2026-10-01 10:45:10,56,0
2026-10-01 10:45:20,56,0
2026-10-01 10:45:30,56,0
2026-10-01 10:45:40,56,0
2026-10-01 10:45:50,57,0
2026-10-01 10:46:00,56,0
2026-10-01 10:46:10,57,0
2026-10-01 10:46:20,56,0
2026-10-01 10:46:30,56,0
2026-10-01 10:46:40,56,0
2026-10-01 10:46:50,56,0
2026-10-01 10:47:00,56,0
2026-10-01 10:47:10,56,0
2026-10-01 10:47:20,56,0
2026-10-01 10:47:30,56,0
2026-10-01 10:47:40,57,0
2026-10-01 10:47:50,56,0
2026-10-01 10:48:00,57,0
2026-10-01 10:48:10,57,0
2026-10-01 10:48:21,57,0
2026-10-01 10:48:31,57,0
2026-10-01 10:48:41,57,0
2026-10-01 10:48:51,57,0
2026-10-01 10:49:01,57,0
2026-10-01 10:49:11,57,0
2026-10-01 10:49:21,57,0
2026-10-01 10:49:31,57,0
2026-10-01 10:49:41,57,0
2026-10-01 10:49:51,57,0
2026-10-01 10:50:01,57,0
2026-10-01 10:50:11,57,0
2026-10-01 10:50:21,57,0
2026-10-01 10:50:31,57,0
2026-10-01 10:50:41,57,0
2026-10-01 10:50:51,57,0
2026-10-01 10:51:01,57,0
2026-10-01 10:51:11,57,0
2026-10-01 10:51:21,57,0
2026-10-01 10:51:31,57,0
2026-10-01 10:51:41,57,0
2026-10-01 10:51:51,57,0
2026-10-01 10:52:01,57,0
2026-10-01 10:52:11,58,0
2026-10-01 10:52:21,58,0
2026-10-01 10:52:31,58,0
2026-10-01 10:52:41,58,0
2026-10-01 10:52:51,58,0
2026-10-01 10:53:01,58,0
2026-10-01 10:53:12,58,0
2026-10-01 10:53:22,58,0
2026-10-01 10:53:32,58,0
2026-10-01 10:53:42,58,0
2026-10-01 10:53:52,57,0
2026-10-01 10:54:02,58,0
2026-10-01 10:54:12,58,0
2026-10-01 10:54:22,57,0
2026-10-01 10:54:32,58,0
2026-10-01 10:54:42,57,0
2026-10-01 10:54:52,57,0
2026-10-01 10:55:02,58,0
2026-10-01 10:55:12,58,0
2026-10-01 10:55:22,58,0
2026-10-01 10:55:32,58,0
2026-10-01 10:55:42,58,0
2026-10-01 10:55:52,58,0
2026-10-01 10:56:02,58,0
2026-10-01 10:56:12,58,0
2026-10-01 10:56:22,58,0
2026-10-01 10:56:32,58,0
2026-10-01 10:56:42,58,0
2026-10-01 10:56:52,58,0
2026-10-01 10:57:02,58,0
2026-10-01 10:57:12,58,0
2026-10-01 10:57:22,58,0
2026-10-01 10:57:32,58,0
2026-10-01 10:57:42,58,0
2026-10-01 10:57:52,58,0
2026-10-01 10:58:03,58,0
2026-10-01 10:58:13,58,0
2026-10-01 10:58:23,58,0
2026-10-01 10:58:33,58,0
2026-10-01 10:58:43,58,0
2026-10-01 10:58:53,58,0
2026-10-01 10:59:03,58,0
2026-10-01 10:59:13,58,0
2026-10-01 10:59:23,58,0
2026-10-01 10:59:33,58,0
2026-10-01 10:59:43,58,0
2026-10-01 10:59:53,58,0
2026-10-01 11:00:03,58,0
2026-10-01 11:00:13,58,0
2026-10-01 11:00:23,58,0
2026-10-01 11:00:33,58,0
2026-10-01 11:00:43,58,0
2026-10-01 11:00:53,58,0
2026-10-01 11:01:03,58,0
2026-10-01 11:01:13,58,0
2026-10-01 11:01:23,58,0
2026-10-01 11:01:33,58,0
2026-10-01 11:01:43,58,0
2026-10-01 11:01:53,58,0
2026-10-01 11:02:03,58,0
2026-10-01 11:02:13,58,0
2026-10-01 11:02:23,58,0
2026-10-01 11:02:33,58,0
2026-10-01 11:02:44,58,0
2026-10-01 11:02:54,58,0
2026-10-01 11:03:04,58,0
2026-10-01 11:03:14,58,0
2026-10-01 11:03:24,58,0
2026-10-01 11:03:34,58,0
2026-10-01 11:03:44,58,0
2026-10-01 11:03:54,58,0
2026-10-01 11:04:04,58,0
2026-10-01 11:04:14,58,0
2026-10-01 11:04:24,58,0
2026-10-01 11:04:34,58,0
2026-10-01 11:04:44,58,0
2026-10-01 11:04:54,58,0
2026-10-01 11:05:04,58,0
2026-10-01 11:05:14,58,0
2026-10-01 11:05:24,58,0
2026-10-01 11:05:34,58,0
2026-10-01 11:05:44,58,0
2026-10-01 11:05:54,58,0
2026-10-01 11:06:04,58,0
2026-10-01 11:06:14,58,0
2026-10-01 11:06:24,58,0
2026-10-01 11:06:34,58,0
2026-10-01 11:06:44,58,0
2026-10-01 11:06:54,58,0
2026-10-01 11:07:04,58,0
2026-10-01 11:07:14,58,0
2026-10-01 11:07:24,58,0
2026-10-01 11:07:35,58,0
2026-10-01 11:07:45,58,0
2026-10-01 11:07:55,58,0
2026-10-01 11:08:05,58,0
2026-10-01 11:08:15,58,0
2026-10-01 11:08:25,58,0
2026-10-01 11:08:35,58,0
2026-10-01 11:08:45,58,0
2026-10-01 11:08:55,58,0
2026-10-01 11:09:05,58,0
2026-10-01 11:09:15,58,0
2026-10-01 11:09:25,58,0
2026-10-01 11:09:35,58,0
2026-10-01 11:09:45,58,0
2026-10-01 11:09:55,58,0
2026-10-01 11:10:05,58,0
2026-10-01 11:10:15,58,0
2026-10-01 11:10:25,58,0
2026-10-01 11:10:35,58,0
2026-10-01 11:10:45,58,0
2026-10-01 11:10:55,58,0
2026-10-01 11:11:05,58,0
2026-10-01 11:11:15,58,0
2026-10-01 11:11:25,58,0
2026-10-01 11:11:35,58,0
2026-10-01 11:11:45,58,0
2026-10-01 11:11:55,58,0
2026-10-01 11:12:05,58,0
2026-10-01 11:12:16,58,0
2026-10-01 11:12:26,58,0
2026-10-01 11:12:36,58,0
2026-10-01 11:12:46,58,0
2026-10-01 11:12:56,58,0
2026-10-01 11:13:06,58,0
2026-10-01 11:13:16,58,0
2026-10-01 11:13:26,58,0
2026-10-01 11:13:36,58,0
2026-10-01 11:13:46,57,0
2026-10-01 11:13:56,58,0
2026-10-01 11:14:06,58,0
2026-10-01 11:14:16,58,0
2026-10-01 11:14:26,58,0
2026-10-01 11:14:36,58,0
2026-10-01 11:14:46,58,0
2026-10-01 11:14:56,58,0
2026-10-01 11:15:06,58,0
2026-10-01 11:15:16,58,0
2026-10-01 11:15:26,58,0
2026-10-01 11:15:36,58,0
2026-10-01 11:15:46,58,0
2026-10-01 11:15:56,58,0
2026-10-01 11:16:06,58,0
2026-10-01 11:16:16,58,0
2026-10-01 11:16:26,58,0
2026-10-01 11:16:36,58,0
2026-10-01 11:16:46,58,0
2026-10-01 11:16:56,58,0
2026-10-01 11:17:07,58,0
2026-10-01 11:17:17,58,0
2026-10-01 11:17:27,59,0
2026-10-01 11:17:37,59,0
2026-10-01 11:17:47,59,0
2026-10-01 11:17:57,59,0
2026-10-01 11:18:07,60,0
2026-10-01 11:18:17,60,0
2026-10-01 11:18:27,60,0
2026-10-01 11:18:37,60,0
2026-10-01 11:18:47,60,0
2026-10-01 11:18:57,60,0
2026-10-01 11:19:07,60,0
2026-10-01 11:19:17,60,0
2026-10-01 11:19:27,60,0
2026-10-01 11:19:37,60,0
2026-10-01 11:19:47,60,0
2026-10-01 11:19:57,59,0
2026-10-01 11:20:07,59,0
2026-10-01 11:20:17,59,0
2026-10-01 11:20:27,59,0
2026-10-01 11:20:37,59,0
2026-10-01 11:20:47,59,0
2026-10-01 11:20:57,59,0
2026-10-01 11:21:07,59,0
2026-10-01 11:21:17,59,0
2026-10-01 11:21:27,58,0
2026-10-01 11:21:37,58,0
2026-10-01 11:21:48,59,0
2026-10-01 11:21:58,59,0
2026-10-01 11:22:08,59,0
2026-10-01 11:22:18,59,0
2026-10-01 11:22:28,59,0
2026-10-01 11:22:38,59,0
2026-10-01 11:22:48,59,0
2026-10-01 11:22:58,59,0
2026-10-01 11:23:08,59,0
2026-10-01 11:23:18,59,0
2026-10-01 11:23:28,59,0
2026-10-01 11:23:38,59,0
2026-10-01 11:23:48,58,0
2026-10-01 11:23:58,58,0
2026-10-01 11:24:08,58,0
2026-10-01 11:24:18,58,0
2026-10-01 11:24:28,58,0
2026-10-01 11:24:38,58,0
2026-10-01 11:24:48,58,0
2026-10-01 11:24:58,58,0
2026-10-01 11:25:08,58,0
2026-10-01 11:25:18,58,0
2026-10-01 11:25:28,58,0
2026-10-01 11:25:38,58,0
2026-10-01 11:25:48,58,0
2026-10-01 11:25:58,58,0
2026-10-01 11:26:08,58,0
2026-10-01 11:26:19,58,0
2026-10-01 11:26:29,59,0
2026-10-01 11:26:39,59,0
2026-10-01 11:26:49,59,0
2026-10-01 11:26:59,59,0
2026-10-01 11:27:09,58,0
2026-10-01 11:27:19,59,0
2026-10-01 11:27:29,59,0
2026-10-01 11:27:39,58,0
2026-10-01 11:27:49,58,0
2026-10-01 11:27:59,58,0
2026-10-01 11:28:09,58,0
2026-10-01 11:28:19,58,0
2026-10-01 11:28:29,58,0
2026-10-01 11:28:39,58,0
2026-10-01 11:28:49,58,0
2026-10-01 11:28:59,58,0
2026-10-01 11:29:09,58,0
2026-10-01 11:29:19,58,0
2026-10-01 11:29:29,58,0
2026-10-01 11:29:39,58,0
2026-10-01 11:29:49,58,0
2026-10-01 11:29:59,58,0
2026-10-01 11:30:09,58,0
2026-10-01 11:30:19,58,0
2026-10-01 11:30:29,58,0
2026-10-01 11:30:39,58,0
2026-10-01 11:30:49,58,0
2026-10-01 11:31:00,58,0
2026-10-01 11:31:10,58,0
2026-10-01 11:31:20,58,0
2026-10-01 11:31:30,58,0
2026-10-01 11:31:40,58,0
2026-10-01 11:31:50,58,0
2026-10-01 11:32:00,58,0
2026-10-01 11:32:10,58,0
2026-10-01 11:32:20,58,0
2026-10-01 11:32:30,57,0
2026-10-01 11:32:40,58,0
2026-10-01 11:32:50,58,0
2026-10-01 11:33:00,58,0
2026-10-01 11:33:10,58,0
2026-10-01 11:33:20,58,0
2026-10-01 11:33:30,58,0
2026-10-01 11:33:40,58,0
2026-10-01 11:33:50,58,0
2026-10-01 11:34:00,58,0
2026-10-01 11:34:10,58,0
2026-10-01 11:34:20,58,0
2026-10-01 11:34:30,58,0
2026-10-01 11:34:40,58,0
2026-10-01 11:34:50,58,0
2026-10-01 11:35:00,59,0
2026-10-01 11:35:10,59,0
2026-10-01 11:35:20,59,0
2026-10-01 11:35:31,60,0
2026-10-01 11:35:41,60,0
2026-10-01 11:35:51,60,0
2026-10-01 11:36:01,60,0
2026-10-01 11:36:11,60,0
2026-10-01 11:36:21,59,0
2026-10-01 11:36:31,59,0
2026-10-01 11:36:41,59,0
2026-10-01 11:36:51,59,0
2026-10-01 11:37:01,59,0
2026-10-01 11:37:11,58,0
2026-10-01 11:37:21,58,0
2026-10-01 11:37:31,58,0
2026-10-01 11:37:41,58,0
2026-10-01 11:37:51,58,0
2026-10-01 11:38:01,58,0
2026-10-01 11:38:11,58,0
2026-10-01 11:38:21,57,0
2026-10-01 11:38:31,57,0
2026-10-01 11:38:41,57,0
2026-10-01 11:38:51,57,0
2026-10-01 11:39:01,57,0
2026-10-01 11:39:11,57,0
2026-10-01 11:39:21,57,0
2026-10-01 11:39:31,57,0
2026-10-01 11:39:41,58,0
2026-10-01 11:39:51,58,0
2026-10-01 11:40:01,58,0
2026-10-01 11:40:11,58,0
2026-10-01 11:40:22,57,0
2026-10-01 11:40:32,58,0
2026-10-01 11:40:42,58,0
2026-10-01 11:40:52,58,0
2026-10-01 11:41:02,57,0
2026-10-01 11:41:12,58,0
2026-10-01 11:41:22,58,0
2026-10-01 11:41:32,57,0
2026-10-01 11:41:42,57,0
2026-10-01 11:41:52,58,0
2026-10-01 11:42:02,57,0
2026-10-01 11:42:12,57,0
2026-10-01 11:42:22,57,0
2026-10-01 11:42:32,57,0
2026-10-01 11:42:42,57,0
2026-10-01 11:42:52,57,0
2026-10-01 11:43:02,57,0
2026-10-01 11:43:12,57,0
2026-10-01 11:43:22,57,0
2026-10-01 11:43:32,57,0
2026-10-01 11:43:42,58,0
2026-10-01 11:43:52,57,0
2026-10-01 11:44:02,58,0
2026-10-01 11:44:12,57,0
2026-10-01 11:44:22,58,0
2026-10-01 11:44:32,58,0
2026-10-01 11:44:42,58,0
2026-10-01 11:44:52,57,0
2026-10-01 11:45:03,57,0
2026-10-01 11:45:13,57,0
2026-10-01 11:45:23,57,0
2026-10-01 11:45:33,57,0
2026-10-01 11:45:43,57,0
2026-10-01 11:45:53,57,0
2026-10-01 11:46:03,57,0
2026-10-01 11:46:13,56,0
2026-10-01 11:46:23,56,0
2026-10-01 11:46:33,56,0
2026-10-01 11:46:43,56,0
2026-10-01 11:46:53,56,0
2026-10-01 11:47:03,57,0
2026-10-01 11:47:13,57,0
2026-10-01 11:47:23,56,0
2026-10-01 11:47:33,56,0
2026-10-01 11:47:43,56,0
2026-10-01 11:47:53,56,0
2026-10-01 11:48:03,57,0
2026-10-01 11:48:13,58,0
2026-10-01 11:48:23,58,0
2026-10-01 11:48:33,58,0
2026-10-01 11:48:43,58,0
2026-10-01 11:48:53,58,0
2026-10-01 11:49:03,58,0
2026-10-01 11:49:13,59,0
2026-10-01 11:49:23,59,0
2026-10-01 11:49:33,59,0
2026-10-01 11:49:43,59,0
2026-10-01 11:49:54,59,0
2026-10-01 11:50:04,59,0
2026-10-01 11:50:14,59,0
2026-10-01 11:50:24,60,0
2026-10-01 11:50:34,60,0
2026-10-01 11:50:44,60,0
2026-10-01 11:50:54,60,0
2026-10-01 11:51:04,60,0
2026-10-01 11:51:14,60,0
2026-10-01 11:51:24,60,0
2026-10-01 11:51:34,60,0
2026-10-01 11:51:44,59,0
2026-10-01 11:51:54,60,0
2026-10-01 11:52:04,60,0
2026-10-01 11:52:14,60,0
2026-10-01 11:52:24,60,0
2026-10-01 11:52:34,60,0
2026-10-01 11:52:44,59,0
2026-10-01 11:52:54,59,0
2026-10-01 11:53:04,59,0
2026-10-01 11:53:14,59,0
2026-10-01 11:53:24,59,0
2026-10-01 11:53:34,58,0
2026-10-01 11:53:44,58,0
2026-10-01 11:53:54,58,0
2026-10-01 11:54:04,58,0
2026-10-01 11:54:14,58,0
2026-10-01 11:54:25,58,0
2026-10-01 11:54:35,58,0
2026-10-01 11:54:45,58,0
2026-10-01 11:54:55,58,0
2026-10-01 11:55:05,57,0
2026-10-01 11:55:15,57,0
2026-10-01 11:55:25,57,0
2026-10-01 11:55:35,57,0
2026-10-01 11:55:45,57,0
2026-10-01 11:55:55,57,0
2026-10-01 11:56:05,57,0
2026-10-01 11:56:15,57,0
2026-10-01 11:56:25,57,0
2026-10-01 11:56:35,57,0
2026-10-01 11:56:45,57,0
2026-10-01 11:56:55,57,0
2026-10-01 11:57:05,57,0
2026-10-01 11:57:15,57,0
2026-10-01 11:57:25,57,0
2026-10-01 11:57:35,57,0
2026-10-01 11:57:45,57,0
2026-10-01 11:57:55,57,0
2026-10-01 11:58:05,57,0
2026-10-01 11:58:15,57,0
2026-10-01 11:58:25,57,0
2026-10-01 11:58:35,57,0
2026-10-01 11:58:45,57,0
2026-10-01 11:58:55,57,0
2026-10-01 11:59:05,57,0
2026-10-01 11:59:16,57,0
2026-10-01 11:59:26,57,0
2026-10-01 11:59:36,57,0
2026-10-01 11:59:46,57,0
2026-10-01 11:59:56,57,0
2026-10-01 12:00:06,57,0
2026-10-01 12:00:16,57,0
2026-10-01 12:00:26,57,0
2026-10-01 12:00:36,57,0
2026-10-01 12:00:46,57,0
2026-10-01 12:00:56,57,0
2026-10-01 12:01:06,57,0
2026-10-01 12:01:16,56,0
2026-10-01 12:01:26,56,0
2026-10-01 12:01:36,56,0
2026-10-01 12:01:46,57,0
2026-10-01 12:01:56,57,0
2026-10-01 12:02:06,57,0
2026-10-01 12:02:16,57,0
2026-10-01 12:02:26,58,0
2026-10-01 12:02:36,58,0
2026-10-01 12:02:46,58,0
2026-10-01 12:02:56,58,0
2026-10-01 12:03:06,59,0
2026-10-01 12:03:16,59,0
2026-10-01 12:03:26,59,0
2026-10-01 12:03:36,59,0
2026-10-01 12:03:46,59,0
2026-10-01 12:03:57,60,0
2026-10-01 12:04:07,60,0
2026-10-01 12:04:17,60,0
2026-10-01 12:04:27,60,0
2026-10-01 12:04:37,60,0
2026-10-01 12:04:47,60,0
2026-10-01 12:04:57,60,0
2026-10-01 12:05:07,60,0
2026-10-01 12:05:17,60,0
2026-10-01 12:05:27,60,0
2026-10-01 12:05:37,60,0
2026-10-01 12:05:47,61,0
2026-10-01 12:05:57,60,0
2026-10-01 12:06:07,60,0
2026-10-01 12:06:17,60,0
2026-10-01 12:06:27,61,0
2026-10-01 12:06:37,60,0
2026-10-01 12:06:47,60,0
2026-10-01 12:06:57,59,0
2026-10-01 12:07:07,59,0
2026-10-01 12:07:17,59,0
2026-10-01 12:07:27,59,0
2026-10-01 12:07:37,59,0
2026-10-01 12:07:47,59,0
2026-10-01 12:07:57,58,0
2026-10-01 12:08:07,58,0
2026-10-01 12:08:17,58,0
2026-10-01 12:08:27,58,0
2026-10-01 12:08:38,58,0
2026-10-01 12:08:48,58,0
2026-10-01 12:08:58,58,0
2026-10-01 12:09:08,58,0
2026-10-01 12:09:18,58,0
2026-10-01 12:09:28,58,0
2026-10-01 12:09:38,58,0
2026-10-01 12:09:48,58,0
2026-10-01 12:09:58,58,0
2026-10-01 12:10:08,58,0
2026-10-01 12:10:18,58,0
2026-10-01 12:10:28,58,0
2026-10-01 12:10:38,58,0
2026-10-01 12:10:48,58,0
2026-10-01 12:10:58,58,0
2026-10-01 12:11:08,58,0
2026-10-01 12:11:18,58,0
2026-10-01 12:11:28,58,0
2026-10-01 12:11:38,58,0
2026-10-01 12:11:48,58,0
2026-10-01 12:11:58,58,0
2026-10-01 12:12:08,58,0
2026-10-01 12:12:18,58,0
2026-10-01 12:12:28,58,0
2026-10-01 12:12:38,58,0
2026-10-01 12:12:48,58,0
2026-10-01 12:12:58,58,0
2026-10-01 12:13:08,58,0
2026-10-01 12:13:18,58,0
2026-10-01 12:13:29,58,0
2026-10-01 12:13:39,58,0
2026-10-01 12:13:49,58,0
2026-10-01 12:13:59,58,0
2026-10-01 12:14:09,58,0
2026-10-01 12:14:19,58,0
2026-10-01 12:14:29,58,0
2026-10-01 12:14:39,58,0
2026-10-01 12:14:49,58,0
2026-10-01 12:14:59,58,0
2026-10-01 12:15:09,58,0
2026-10-01 12:15:19,58,0
2026-10-01 12:15:29,58,0
2026-10-01 12:15:39,58,0
2026-10-01 12:15:49,58,0
2026-10-01 12:15:59,58,0
2026-10-01 12:16:09,58,0
2026-10-01 12:16:19,58,0
2026-10-01 12:16:29,58,0
2026-10-01 12:16:39,58,0
2026-10-01 12:16:49,58,0
2026-10-01 12:16:59,58,0
2026-10-01 12:17:09,58,0
2026-10-01 12:17:19,58,0
2026-10-01 12:17:29,57,0
2026-10-01 12:17:39,57,0
2026-10-01 12:17:49,57,0
2026-10-01 12:17:59,57,0
2026-10-01 12:18:09,57,0
2026-10-01 12:18:20,57,0
2026-10-01 12:18:30,57,0
2026-10-01 12:18:40,57,0
2026-10-01 12:18:50,57,0
2026-10-01 12:19:00,57,0
2026-10-01 12:19:10,56,0
2026-10-01 12:19:20,57,0
2026-10-01 12:19:30,57,0
2026-10-01 12:19:40,56,0
2026-10-01 12:19:50,56,0
2026-10-01 12:20:00,56,0
2026-10-01 12:20:10,56,0
2026-10-01 12:20:20,56,0
2026-10-01 12:20:30,56,0
2026-10-01 12:20:40,56,0
2026-10-01 12:20:50,56,0
2026-10-01 12:21:00,56,0
2026-10-01 12:21:10,56,0
2026-10-01 12:21:20,56,0
2026-10-01 12:21:30,56,0
2026-10-01 12:21:40,56,0
2026-10-01 12:21:50,56,0
2026-10-01 12:22:00,56,0
2026-10-01 12:22:10,56,0
2026-10-01 12:22:20,56,0
2026-10-01 12:22:30,56,0
2026-10-01 12:22:40,56,0
2026-10-01 12:22:50,56,0
2026-10-01 12:23:00,56,0
2026-10-01 12:23:10,56,0
2026-10-01 12:23:21,56,0
2026-10-01 12:23:31,56,0
2026-10-01 12:23:41,56,0
2026-10-01 12:23:51,55,0
2026-10-01 12:24:01,56,0
2026-10-01 12:24:11,55,0
2026-10-01 12:24:21,56,0
2026-10-01 12:24:31,55,0
2026-10-01 12:24:41,55,0
2026-10-01 12:24:51,55,0
2026-10-01 12:25:01,55,0
2026-10-01 12:25:11,55,0
2026-10-01 12:25:21,55,0
2026-10-01 12:25:31,55,0
2026-10-01 12:25:41,55,0
2026-10-01 12:25:51,55,0
2026-10-01 12:26:01,55,0
2026-10-01 12:26:11,55,0
2026-10-01 12:26:21,55,0
2026-10-01 12:26:31,55,0
2026-10-01 12:26:41,55,0
2026-10-01 12:26:51,55,0
2026-10-01 12:27:01,55,0
2026-10-01 12:27:11,55,0
2026-10-01 12:27:21,55,0
2026-10-01 12:27:31,55,0
2026-10-01 12:27:41,55,0
2026-10-01 12:27:51,55,0
2026-10-01 12:28:01,55,0
2026-10-01 12:28:11,55,0
2026-10-01 12:28:21,55,0
2026-10-01 12:28:32,55,0
2026-10-01 12:28:42,55,0
2026-10-01 12:28:52,55,0
2026-10-01 12:29:02,55,0
2026-10-01 12:29:12,55,0
2026-10-01 12:29:22,55,0
2026-10-01 12:29:32,55,0
2026-10-01 12:29:42,55,0
2026-10-01 12:29:52,55,0
2026-10-01 12:30:02,55,0
2026-10-01 12:30:12,55,0
2026-10-01 12:30:22,55,0
2026-10-01 12:30:32,55,0
2026-10-01 12:30:42,55,0
2026-10-01 12:30:52,55,0
2026-10-01 12:31:02,55,0
2026-10-01 12:31:12,55,0
2026-10-01 12:31:22,55,0
2026-10-01 12:31:32,55,0
2026-10-01 12:31:42,55,0
2026-10-01 12:31:52,55,0
2026-10-01 12:32:02,55,0
2026-10-01 12:32:12,55,0
2026-10-01 12:32:22,55,0
2026-10-01 12:32:32,55,0
2026-10-01 12:32:42,55,0
2026-10-01 12:32:52,55,0
2026-10-01 12:33:02,55,0
2026-10-01 12:33:12,55,0
2026-10-01 12:33:22,54,0
2026-10-01 12:33:33,54,0
2026-10-01 12:33:43,54,0
2026-10-01 12:33:53,54,0
2026-10-01 12:34:03,54,0
2026-10-01 12:34:13,54,0
2026-10-01 12:34:23,54,0
2026-10-01 12:34:33,54,0
2026-10-01 12:34:43,54,0
2026-10-01 12:34:53,54,0
2026-10-01 12:35:03,54,0
2026-10-01 12:35:13,54,0
2026-10-01 12:35:23,54,0
2026-10-01 12:35:33,54,0
2026-10-01 12:35:43,54,0
2026-10-01 12:35:53,54,0
2026-10-01 12:36:03,54,0
2026-10-01 12:36:13,54,0
2026-10-01 12:36:23,54,0
2026-10-01 12:36:33,54,0
2026-10-01 12:36:43,54,0
2026-10-01 12:36:53,54,0
2026-10-01 12:37:03,54,0
2026-10-01 12:37:13,55,0
2026-10-01 12:37:23,54,0
2026-10-01 12:37:33,55,0
2026-10-01 12:37:43,54,0
2026-10-01 12:37:53,54,0
2026-10-01 12:38:03,55,0
2026-10-01 12:38:13,55,0
2026-10-01 12:38:23,54,0
2026-10-01 12:38:33,54,0
2026-10-01 12:38:44,54,0
2026-10-01 12:38:54,54,0
2026-10-01 12:39:04,54,0
2026-10-01 12:39:14,54,0
2026-10-01 12:39:24,54,0
2026-10-01 12:39:34,54,0
2026-10-01 12:39:44,54,0
2026-10-01 12:39:54,54,0
2026-10-01 12:40:04,54,0
2026-10-01 12:40:14,55,0
2026-10-01 12:40:24,55,0
2026-10-01 12:40:34,55,0
2026-10-01 12:40:44,55,0
2026-10-01 12:40:54,55,0
2026-10-01 12:41:04,55,0
2026-10-01 12:41:14,54,0
2026-10-01 12:41:24,54,0
2026-10-01 12:41:34,55,0
2026-10-01 12:41:44,54,0
2026-10-01 12:41:54,54,0
2026-10-01 12:42:04,55,0
2026-10-01 12:42:14,55,0
2026-10-01 12:42:24,55,0
2026-10-01 12:42:34,55,0
2026-10-01 12:42:44,55,0
2026-10-01 12:42:54,55,0
2026-10-01 12:43:04,55,0
2026-10-01 12:43:14,55,0
2026-10-01 12:43:24,55,0
2026-10-01 12:43:34,55,0
2026-10-01 12:43:45,55,0
2026-10-01 12:43:55,55,0
2026-10-01 12:44:05,55,0
2026-10-01 12:44:15,55,0
2026-10-01 12:44:25,55,0
2026-10-01 12:44:35,55,0
2026-10-01 12:44:45,55,0
2026-10-01 12:44:55,55,0
2026-10-01 12:45:05,55,0
2026-10-01 12:45:15,55,0
2026-10-01 12:45:25,55,0
2026-10-01 12:45:35,55,0
2026-10-01 12:45:45,55,0
2026-10-01 12:45:55,55,0
2026-10-01 12:46:05,55,0
2026-10-01 12:46:15,55,0
2026-10-01 12:46:25,55,0
2026-10-01 12:46:35,55,0
2026-10-01 12:46:45,55,0
2026-10-01 12:46:55,55,0
2026-10-01 12:47:05,55,0
2026-10-01 12:47:15,55,0
2026-10-01 12:47:25,55,0
2026-10-01 12:47:35,55,0
2026-10-01 12:47:45,55,0
2026-10-01 12:47:55,55,0
2026-10-01 12:48:05,55,0
2026-10-01 12:48:15,55,0
2026-10-01 12:48:25,55,0
2026-10-01 12:48:35,54,0
2026-10-01 12:48:45,54,0
2026-10-01 12:48:56,54,0
2026-10-01 12:49:06,54,0
2026-10-01 12:49:16,54,0
2026-10-01 12:49:26,54,0
2026-10-01 12:49:36,54,0
2026-10-01 12:49:46,54,0
2026-10-01 12:49:56,54,0
2026-10-01 12:50:06,54,0
2026-10-01 12:50:16,54,0
2026-10-01 12:50:26,54,0
2026-10-01 12:50:36,54,0
2026-10-01 12:50:46,54,0
2026-10-01 12:50:56,54,0
2026-10-01 12:51:06,54,0
2026-10-01 12:51:16,54,0
2026-10-01 12:51:26,54,0
2026-10-01 12:51:36,54,0
2026-10-01 12:51:46,54,0
2026-10-01 12:51:56,54,0
2026-10-01 12:52:06,54,0
2026-10-01 12:52:16,54,0
2026-10-01 12:52:26,54,0
2026-10-01 12:52:36,55,0
2026-10-01 12:52:46,54,0
2026-10-01 12:52:56,54,0
2026-10-01 12:53:06,54,0
2026-10-01 12:53:16,55,0
2026-10-01 12:53:26,55,0
2026-10-01 12:53:36,55,0
2026-10-01 12:53:46,55,0
2026-10-01 12:53:57,55,0
2026-10-01 12:54:07,55,0
2026-10-01 12:54:17,55,0
2026-10-01 12:54:27,54,0
2026-10-01 12:54:37,54,0
2026-10-01 12:54:47,54,0
2026-10-01 12:54:57,54,0
2026-10-01 12:55:07,54,0
2026-10-01 12:55:17,54,0
2026-10-01 12:55:27,54,0
2026-10-01 12:55:37,54,0
2026-10-01 12:55:47,54,0
2026-10-01 12:55:57,54,0
2026-10-01 12:56:07,54,0
2026-10-01 12:56:17,54,0
2026-10-01 12:56:27,54,0
2026-10-01 12:56:37,54,0
2026-10-01 12:56:47,54,0
2026-10-01 12:56:57,54,0
2026-10-01 12:57:07,54,0
2026-10-01 12:57:17,54,0
2026-10-01 12:57:27,54,0
2026-10-01 12:57:37,55,0
2026-10-01 12:57:47,55,0
2026-10-01 12:57:57,55,0
2026-10-01 12:58:07,55,0
2026-10-01 12:58:17,55,0
2026-10-01 12:58:27,55,0
2026-10-01 12:58:37,55,0
2026-10-01 12:58:47,55,0
2026-10-01 12:58:57,55,0
2026-10-01 12:59:08,55,0
2026-10-01 12:59:18,55,0
2026-10-01 12:59:28,55,0
2026-10-01 12:59:38,55,0
2026-10-01 12:59:48,55,0
2026-10-01 12:59:58,55,0
2026-10-01 13:00:08,55,0
2026-10-01 13:00:18,55,0
2026-10-01 13:00:28,55,0
2026-10-01 13:00:38,55,0
2026-10-01 13:00:48,55,0
2026-10-01 13:00:58,55,0
2026-10-01 13:01:08,55,0
2026-10-01 13:01:18,56,0
2026-10-01 13:01:28,56,0
2026-10-01 13:01:38,56,0
2026-10-01 13:01:48,56,0
2026-10-01 13:01:58,56,0
2026-10-01 13:02:08,56,0
2026-10-01 13:02:18,56,0
2026-10-01 13:02:28,56,0
2026-10-01 13:02:38,56,0
2026-10-01 13:02:48,56,0
2026-10-01 13:02:58,55,0
2026-10-01 13:03:08,55,0
2026-10-01 13:03:18,55,0
2026-10-01 13:03:28,55,0
2026-10-01 13:03:38,55,0
2026-10-01 13:03:48,55,0
2026-10-01 13:03:58,55,0
2026-10-01 13:04:09,56,0
2026-10-01 13:04:19,56,0
2026-10-01 13:04:29,56,0
2026-10-01 13:04:39,56,0
2026-10-01 13:04:49,57,0
2026-10-01 13:04:59,57,0
2026-10-01 13:05:09,56,0
2026-10-01 13:05:19,57,0
2026-10-01 13:05:29,57,0
2026-10-01 13:05:39,56,0
2026-10-01 13:05:49,57,0
2026-10-01 13:05:59,57,0
2026-10-01 13:06:09,57,0
2026-10-01 13:06:19,56,0
2026-10-01 13:06:29,56,0
2026-10-01 13:06:39,57,0
2026-10-01 13:06:49,57,0
2026-10-01 13:06:59,57,0
2026-10-01 13:07:09,57,0
2026-10-01 13:07:19,57,0
2026-10-01 13:07:29,57,0
2026-10-01 13:07:39,57,0
2026-10-01 13:07:49,57,0
2026-10-01 13:07:59,57,0
2026-10-01 13:08:09,57,0
2026-10-01 13:08:19,57,0
2026-10-01 13:08:29,57,0
2026-10-01 13:08:39,57,0
2026-10-01 13:08:49,57,0
2026-10-01 13:09:00,57,0
2026-10-01 13:09:10,57,0
2026-10-01 13:09:20,57,0
2026-10-01 13:09:30,57,0
2026-10-01 13:09:40,57,0
2026-10-01 13:09:50,57,0
2026-10-01 13:10:00,58,0
2026-10-01 13:10:10,58,0
2026-10-01 13:10:20,58,0
2026-10-01 13:10:30,58,0
2026-10-01 13:10:40,58,0
2026-10-01 13:10:50,58,0
2026-10-01 13:11:00,58,0
2026-10-01 13:11:10,58,0
2026-10-01 13:11:20,58,0
2026-10-01 13:11:30,58,0
2026-10-01 13:11:40,58,0
2026-10-01 13:11:50,58,0
2026-10-01 13:12:00,58,0
2026-10-01 13:12:10,58,0
2026-10-01 13:12:20,58,0
2026-10-01 13:12:30,58,0
2026-10-01 13:12:40,58,0
2026-10-01 13:12:50,59,0
2026-10-01 13:13:00,60,0
2026-10-01 13:13:11,60,0
2026-10-01 13:13:21,60,0
2026-10-01 13:13:31,61,0
2026-10-01 13:13:41,60,0
2026-10-01 13:13:51,60,0
2026-10-01 13:14:01,60,0
2026-10-01 13:14:11,60,0
2026-10-01 13:14:21,60,0
2026-10-01 13:14:31,60,0
2026-10-01 13:14:41,60,0
2026-10-01 13:14:51,60,0
2026-10-01 13:15:01,59,0
2026-10-01 13:15:11,60,0
2026-10-01 13:15:21,59,0
2026-10-01 13:15:31,59,0
2026-10-01 13:15:41,59,0
2026-10-01 13:15:51,59,0
2026-10-01 13:16:01,59,0
2026-10-01 13:16:11,60,0
2026-10-01 13:16:21,60,0
2026-10-01 13:16:31,60,0
2026-10-01 13:16:41,60,0
2026-10-01 13:16:52,60,0
2026-10-01 13:17:02,60,0
2026-10-01 13:17:12,59,0
2026-10-01 13:17:22,59,0
2026-10-01 13:17:32,59,0
2026-10-01 13:17:42,59,0
2026-10-01 13:17:52,59,0
2026-10-01 13:18:02,59,0
2026-10-01 13:18:12,59,0
2026-10-01 13:18:22,59,0
2026-10-01 13:18:32,59,0
2026-10-01 13:18:42,59,0
2026-10-01 13:18:52,59,0
2026-10-01 13:19:02,59,0
2026-10-01 13:19:12,59,0
2026-10-01 13:19:22,59,0
2026-10-01 13:19:32,59,0
2026-10-01 13:19:42,59,0
2026-10-01 13:19:52,59,0
2026-10-01 13:20:02,59,0
2026-10-01 13:20:12,59,0
2026-10-01 13:20:22,59,0
2026-10-01 13:20:32,59,0
2026-10-01 13:20:42,59,0
2026-10-01 13:20:52,59,0
2026-10-01 13:21:02,59,0
2026-10-01 13:21:12,59,0
2026-10-01 13:21:22,59,0
2026-10-01 13:21:33,59,0
2026-10-01 13:21:43,59,0
2026-10-01 13:21:53,59,0
2026-10-01 13:22:03,59,0
2026-10-01 13:22:13,59,0
2026-10-01 13:22:23,59,0
2026-10-01 13:22:33,59,0
2026-10-01 13:22:43,59,0
2026-10-01 13:22:53,59,0
2026-10-01 13:23:03,59,0
2026-10-01 13:23:13,59,0
2026-10-01 13:23:23,59,0
2026-10-01 13:23:33,59,0
2026-10-01 13:23:43,59,0
2026-10-01 13:23:53,59,0
2026-10-01 13:24:03,59,0
2026-10-01 13:24:13,59,0
2026-10-01 13:24:23,59,0
2026-10-01 13:24:33,59,0
2026-10-01 13:24:43,59,0
2026-10-01 13:24:53,59,0
2026-10-01 13:25:03,59,0
2026-10-01 13:25:13,59,0
2026-10-01 13:25:23,59,0
2026-10-01 13:25:33,59,0
2026-10-01 13:25:43,59,0
2026-10-01 13:25:53,59,0
2026-10-01 13:26:03,59,0
2026-10-01 13:26:13,59,0
2026-10-01 13:26:24,59,0
2026-10-01 13:26:34,59,0
2026-10-01 13:26:44,59,0
2026-10-01 13:26:54,59,0
2026-10-01 13:27:04,59,0
2026-10-01 13:27:14,59,0
2026-10-01 13:27:24,59,0
2026-10-01 13:27:34,59,0
2026-10-01 13:27:44,59,0
2026-10-01 13:27:54,58,0
2026-10-01 13:28:04,58,0
2026-10-01 13:28:14,58,0
2026-10-01 13:28:24,58,0
2026-10-01 13:28:34,58,0
2026-10-01 13:28:44,58,0
2026-10-01 13:28:54,58,0
2026-10-01 13:29:04,58,0
2026-10-01 13:29:14,58,0
2026-10-01 13:29:24,57,0
2026-10-01 13:29:34,57,0
2026-10-01 13:29:44,57,0
2026-10-01 13:29:54,57,0
2026-10-01 13:30:04,57,0
2026-10-01 13:30:14,57,0
2026-10-01 13:30:24,57,0
2026-10-01 13:30:34,57,0
2026-10-01 13:30:44,57,0
2026-10-01 13:30:54,56,0
2026-10-01 13:31:04,56,0
2026-10-01 13:31:14,56,0
2026-10-01 13:31:25,56,0
2026-10-01 13:31:35,56,0
2026-10-01 13:31:45,56,0
2026-10-01 13:31:55,56,0
2026-10-01 13:32:05,56,0
2026-10-01 13:32:15,56,0
2026-10-01 13:32:25,56,0
2026-10-01 13:32:35,56,0
2026-10-01 13:32:45,56,0
2026-10-01 13:32:55,56,0
2026-10-01 13:33:05,56,0
2026-10-01 13:33:15,56,0
2026-10-01 13:33:25,56,0
2026-10-01 13:33:35,56,0
2026-10-01 13:33:45,56,0
2026-10-01 13:33:55,56,0
2026-10-01 13:34:05,56,0
2026-10-01 13:34:15,56,0
2026-10-01 13:34:25,56,0
2026-10-01 13:34:35,56,0
2026-10-01 13:34:45,56,0
2026-10-01 13:34:55,56,0
2026-10-01 13:35:05,56,0
2026-10-01 13:35:15,57,0
2026-10-01 13:35:25,57,0
2026-10-01 13:35:35,57,0
2026-10-01 13:35:45,57,0
2026-10-01 13:35:55,57,0
2026-10-01 13:36:05,57,0
2026-10-01 13:36:15,57,0
2026-10-01 13:36:26,57,0
2026-10-01 13:36:36,58,0
2026-10-01 13:36:46,58,0
2026-10-01 13:36:56,58,0
2026-10-01 13:37:06,58,0
2026-10-01 13:37:16,58,0
2026-10-01 13:37:26,58,0
2026-10-01 13:37:36,58,0
2026-10-01 13:37:46,58,0
2026-10-01 13:37:56,57,0
2026-10-01 13:38:06,57,0
2026-10-01 13:38:16,57,0
2026-10-01 13:38:26,57,0
2026-10-01 13:38:36,57,0
2026-10-01 13:38:46,57,0
2026-10-01 13:38:56,57,0
2026-10-01 13:39:06,57,0
2026-10-01 13:39:16,57,0
2026-10-01 13:39:26,57,0
2026-10-01 13:39:36,57,0
2026-10-01 13:39:46,57,0
2026-10-01 13:39:56,57,0
2026-10-01 13:40:06,57,0
2026-10-01 13:40:16,57,0
2026-10-01 13:40:26,57,0
2026-10-01 13:40:36,57,0
2026-10-01 13:40:46,57,0
2026-10-01 13:40:56,57,0
2026-10-01 13:41:06,57,0
2026-10-01 13:41:16,57,0
2026-10-01 13:41:27,57,0
2026-10-01 13:41:37,57,0
2026-10-01 13:41:47,57,0
2026-10-01 13:41:57,57,0
2026-10-01 13:42:07,57,0
2026-10-01 13:42:17,57,0
2026-10-01 13:42:27,57,0
2026-10-01 13:42:37,57,0
2026-10-01 13:42:47,57,0
2026-10-01 13:42:57,57,0
2026-10-01 13:43:07,57,0
2026-10-01 13:43:17,56,0
2026-10-01 13:43:27,57,0
2026-10-01 13:43:37,57,0
2026-10-01 13:43:47,56,0
2026-10-01 13:43:57,56,0
2026-10-01 13:44:07,56,0
2026-10-01 13:44:17,56,0
2026-10-01 13:44:27,56,0
2026-10-01 13:44:37,56,0
2026-10-01 13:44:47,56,0
2026-10-01 13:44:57,56,0
2026-10-01 13:45:07,56,0
2026-10-01 13:45:17,56,0
2026-10-01 13:45:27,56,0
2026-10-01 13:45:37,56,0
2026-10-01 13:45:47,56,0
2026-10-01 13:45:57,56,0
2026-10-01 13:46:07,56,0
2026-10-01 13:46:17,56,0
2026-10-01 13:46:28,56,0
2026-10-01 13:46:38,56,0
2026-10-01 13:46:48,56,0
2026-10-01 13:46:58,56,0
2026-10-01 13:47:08,56,0
2026-10-01 13:47:18,56,0
2026-10-01 13:47:28,56,0
2026-10-01 13:47:38,56,0
2026-10-01 13:47:48,56,0
2026-10-01 13:47:58,56,0
2026-10-01 13:48:08,56,0
2026-10-01 13:48:18,56,0
2026-10-01 13:48:28,56,0
2026-10-01 13:48:38,56,0
2026-10-01 13:48:48,56,0
2026-10-01 13:48:58,56,0
2026-10-01 13:49:08,56,0
2026-10-01 13:49:18,56,0
2026-10-01 13:49:28,56,0
2026-10-01 13:49:38,56,0
2026-10-01 13:49:48,56,0
2026-10-01 13:49:58,56,0
2026-10-01 13:50:08,56,0
2026-10-01 13:50:18,56,0
2026-10-01 13:50:28,56,0
2026-10-01 13:50:38,55,0
2026-10-01 13:50:48,55,0
2026-10-01 13:50:58,55,0
2026-10-01 13:51:08,56,0
2026-10-01 13:51:18,55,0
2026-10-01 13:51:28,55,0
2026-10-01 13:51:39,55,0
2026-10-01 13:51:49,55,0
2026-10-01 13:51:59,55,0
2026-10-01 13:52:09,55,0
2026-10-01 13:52:19,56,0
2026-10-01 13:52:29,56,0
2026-10-01 13:52:39,56,0
2026-10-01 13:52:49,56,0
2026-10-01 13:52:59,56,0
2026-10-01 13:53:09,56,0
2026-10-01 13:53:19,56,0
2026-10-01 13:53:29,56,0
2026-10-01 13:53:39,57,0
2026-10-01 13:53:49,57,0
2026-10-01 13:53:59,57,0
2026-10-01 13:54:09,57,0
2026-10-01 13:54:19,57,0
2026-10-01 13:54:29,56,0
2026-10-01 13:54:39,56,0
2026-10-01 13:54:49,56,0
2026-10-01 13:54:59,56,0
2026-10-01 13:55:09,56,0
2026-10-01 13:55:19,56,0
2026-10-01 13:55:29,56,0
2026-10-01 13:55:39,56,0
2026-10-01 13:55:49,56,0
2026-10-01 13:55:59,56,0
2026-10-01 13:56:09,56,0
2026-10-01 13:56:19,56,0
2026-10-01 13:56:29,56,0
2026-10-01 13:56:40,56,0
2026-10-01 13:56:50,56,0
2026-10-01 13:57:00,56,0
2026-10-01 13:57:10,56,0
2026-10-01 13:57:20,56,0
2026-10-01 13:57:30,56,0
2026-10-01 13:57:40,56,0
2026-10-01 13:57:50,56,0
2026-10-01 13:58:00,56,0
2026-10-01 13:58:10,56,0
2026-10-01 13:58:20,56,0
2026-10-01 13:58:30,56,0
2026-10-01 13:58:40,56,0
2026-10-01 13:58:50,56,0
2026-10-01 13:59:00,56,0
2026-10-01 13:59:10,56,0
2026-10-01 13:59:20,56,0
2026-10-01 13:59:30,56,0
2026-10-01 13:59:40,56,0
2026-10-01 13:59:50,56,0
2026-10-01 14:00:00,56,0
2026-10-01 14:00:10,56,0
2026-10-01 14:00:20,56,0
2026-10-01 14:00:30,56,0
2026-10-01 14:00:40,56,0
2026-10-01 14:00:50,56,0
2026-10-01 14:01:00,56,0
2026-10-01 14:01:10,55,0
2026-10-01 14:01:20,55,0
2026-10-01 14:01:30,56,0
2026-10-01 14:01:40,56,0
2026-10-01 14:01:51,56,0
2026-10-01 14:02:01,56,0
2026-10-01 14:02:11,56,0
2026-10-01 14:02:21,55,0
2026-10-01 14:02:31,56,0
2026-10-01 14:02:41,56,0
2026-10-01 14:02:51,56,0
2026-10-01 14:03:01,56,0
2026-10-01 14:03:11,56,0
2026-10-01 14:03:21,56,0
2026-10-01 14:03:31,56,0
2026-10-01 14:03:41,56,0
2026-10-01 14:03:51,56,0
2026-10-01 14:04:01,56,0
2026-10-01 14:04:11,56,0
2026-10-01 14:04:21,56,0
2026-10-01 14:04:31,56,0
2026-10-01 14:04:41,56,0
2026-10-01 14:04:51,56,0
2026-10-01 14:05:01,56,0
2026-10-01 14:05:11,56,0
2026-10-01 14:05:21,56,0
2026-10-01 14:05:31,56,0
2026-10-01 14:05:41,56,0
2026-10-01 14:05:51,56,0
2026-10-01 14:06:01,56,0
2026-10-01 14:06:11,56,0
2026-10-01 14:06:21,56,0
2026-10-01 14:06:31,56,0
2026-10-01 14:06:41,56,0
2026-10-01 14:06:52,56,0
2026-10-01 14:07:02,56,0
2026-10-01 14:07:12,56,0
2026-10-01 14:07:22,56,0
2026-10-01 14:07:32,56,0
2026-10-01 14:07:42,56,0
2026-10-01 14:07:52,56,0
2026-10-01 14:08:02,56,0
2026-10-01 14:08:12,56,0
2026-10-01 14:08:22,56,0
2026-10-01 14:08:32,56,0
2026-10-01 14:08:42,56,0
2026-10-01 14:08:52,56,0
2026-10-01 14:09:02,56,0
2026-10-01 14:09:12,56,0
2026-10-01 14:09:22,56,0
2026-10-01 14:09:32,56,0
2026-10-01 14:09:42,57,0
2026-10-01 14:09:52,57,0
2026-10-01 14:10:02,57,0
2026-10-01 14:10:12,57,0
2026-10-01 14:10:22,58,0
2026-10-01 14:10:32,58,0
2026-10-01 14:10:42,58,0
2026-10-01 14:10:52,58,0
2026-10-01 14:11:02,58,0
2026-10-01 14:11:12,58,0
2026-10-01 14:11:22,59,0
2026-10-01 14:11:33,59,0
2026-10-01 14:11:43,59,0
2026-10-01 14:11:53,59,0
2026-10-01 14:12:03,59,0
2026-10-01 14:12:13,59,0
2026-10-01 14:12:23,59,0
2026-10-01 14:12:33,59,0
2026-10-01 14:12:43,59,0
2026-10-01 14:12:53,59,0
2026-10-01 14:13:03,59,0
2026-10-01 14:13:13,59,0
2026-10-01 14:13:23,59,0
2026-10-01 14:13:33,59,0
2026-10-01 14:13:43,59,0
2026-10-01 14:13:53,59,0
2026-10-01 14:14:03,59,0
2026-10-01 14:14:13,59,0
2026-10-01 14:14:23,59,0
2026-10-01 14:14:33,59,0
2026-10-01 14:14:43,58,0
2026-10-01 14:14:53,58,0
2026-10-01 14:15:03,58,0
2026-10-01 14:15:13,58,0
2026-10-01 14:15:23,58,0
2026-10-01 14:15:33,58,0
2026-10-01 14:15:43,58,0
2026-10-01 14:15:53,58,0
2026-10-01 14:16:03,58,0
2026-10-01 14:16:13,57,0
2026-10-01 14:16:24,57,0
2026-10-01 14:16:34,57,0
2026-10-01 14:16:44,57,0
2026-10-01 14:16:54,57,0
2026-10-01 14:17:04,57,0
2026-10-01 14:17:14,57,0
2026-10-01 14:17:24,57,0
2026-10-01 14:17:34,57,0
2026-10-01 14:17:44,57,0
2026-10-01 14:17:54,57,0
2026-10-01 14:18:04,57,0
2026-10-01 14:18:14,57,0
2026-10-01 14:18:24,57,0
2026-10-01 14:18:34,57,0
2026-10-01 14:18:44,57,0
2026-10-01 14:18:54,57,0
2026-10-01 14:19:04,57,0
2026-10-01 14:19:14,57,0
2026-10-01 14:19:24,57,0
2026-10-01 14:19:34,57,0
2026-10-01 14:19:44,57,0
2026-10-01 14:19:54,57,0
2026-10-01 14:20:04,57,0
2026-10-01 14:20:14,57,0
2026-10-01 14:20:24,57,0
2026-10-01 14:20:34,57,0
2026-10-01 14:20:44,57,0
2026-10-01 14:20:54,57,0
2026-10-01 14:21:04,56,0
2026-10-01 14:21:14,57,0
2026-10-01 14:21:25,57,0
2026-10-01 14:21:35,57,0
2026-10-01 14:21:45,57,0
2026-10-01 14:21:55,56,0
2026-10-01 14:22:05,57,0
2026-10-01 14:22:15,56,0
2026-10-01 14:22:25,57,0
2026-10-01 14:22:35,56,0
2026-10-01 14:22:45,56,0
2026-10-01 14:22:55,56,0
2026-10-01 14:23:05,56,0
2026-10-01 14:23:15,56,0
2026-10-01 14:23:25,57,0
2026-10-01 14:23:35,57,0
2026-10-01 14:23:45,57,0
2026-10-01 14:23:55,57,0
2026-10-01 14:24:05,57,0
2026-10-01 14:24:15,57,0
2026-10-01 14:24:25,57,0
2026-10-01 14:24:35,57,0
2026-10-01 14:24:45,57,0
2026-10-01 14:24:55,56,0
2026-10-01 14:25:05,56,0
2026-10-01 14:25:15,56,0
2026-10-01 14:25:25,57,0
2026-10-01 14:25:35,56,0
2026-10-01 14:25:45,56,0
2026-10-01 14:25:55,56,0
2026-10-01 14:26:05,56,0
2026-10-01 14:26:15,57,0
2026-10-01 14:26:25,57,0
2026-10-01 14:26:36,57,0
2026-10-01 14:26:46,57,0
2026-10-01 14:26:56,57,0
2026-10-01 14:27:06,57,0
2026-10-01 14:27:16,56,0
2026-10-01 14:27:26,56,0
2026-10-01 14:27:36,57,0
2026-10-01 14:27:46,56,0
2026-10-01 14:27:56,57,0
2026-10-01 14:28:06,57,0
2026-10-01 14:28:16,57,0
2026-10-01 14:28:26,56,0
2026-10-01 14:28:36,57,0
2026-10-01 14:28:46,57,0
2026-10-01 14:28:56,56,0
2026-10-01 14:29:06,56,0
2026-10-01 14:29:16,56,0
2026-10-01 14:29:26,57,0
2026-10-01 14:29:36,56,0
2026-10-01 14:29:46,56,0
2026-10-01 14:29:56,56,0
2026-10-01 14:30:06,57,0
2026-10-01 14:30:16,57,0
2026-10-01 14:30:26,57,0
2026-10-01 14:30:36,57,0
2026-10-01 14:30:46,57,0
2026-10-01 14:30:56,57,0
2026-10-01 14:31:06,57,0
2026-10-01 14:31:16,57,0
2026-10-01 14:31:26,57,0
2026-10-01 14:31:37,57,0
2026-10-01 14:31:47,56,0
2026-10-01 14:31:57,56,0
2026-10-01 14:32:07,56,0
2026-10-01 14:32:17,56,0
2026-10-01 14:32:27,56,0
2026-10-01 14:32:37,56,0
2026-10-01 14:32:47,56,0
2026-10-01 14:32:57,56,0
2026-10-01 14:33:07,56,0
2026-10-01 14:33:17,56,0
2026-10-01 14:33:27,56,0
2026-10-01 14:33:37,56,0
2026-10-01 14:33:47,56,0
2026-10-01 14:33:57,57,0
2026-10-01 14:34:07,57,0
2026-10-01 14:34:17,57,0
2026-10-01 14:34:27,57,0
2026-10-01 14:34:37,57,0
2026-10-01 14:34:47,57,0
2026-10-01 14:34:57,57,0
2026-10-01 14:35:07,57,0
2026-10-01 14:35:17,57,0
2026-10-01 14:35:27,57,0
2026-10-01 14:35:37,57,0
2026-10-01 14:35:47,57,0
2026-10-01 14:35:57,58,0
2026-10-01 14:36:07,58,0
2026-10-01 14:36:17,58,0
2026-10-01 14:36:27,58,0
2026-10-01 14:36:38,58,0
2026-10-01 14:36:48,58,0
2026-10-01 14:36:58,58,0
2026-10-01 14:37:08,58,0
2026-10-01 14:37:18,58,0
2026-10-01 14:37:28,58,0
2026-10-01 14:37:38,58,0
2026-10-01 14:37:48,58,0
2026-10-01 14:37:58,58,0
2026-10-01 14:38:08,58,0
2026-10-01 14:38:18,58,0
2026-10-01 14:38:28,58,0
2026-10-01 14:38:38,58,0
2026-10-01 14:38:48,58,0
2026-10-01 14:38:58,58,0
2026-10-01 14:39:08,58,0
2026-10-01 14:39:18,58,0
2026-10-01 14:39:28,58,0
2026-10-01 14:39:38,58,0
2026-10-01 14:39:48,58,0
2026-10-01 14:39:58,58,0
2026-10-01 14:40:08,57,0
2026-10-01 14:40:18,57,0
2026-10-01 14:40:28,57,0
2026-10-01 14:40:38,57,0
2026-10-01 14:40:48,57,0
2026-10-01 14:40:58,57,0
2026-10-01 14:41:08,57,0
2026-10-01 14:41:18,57,0
2026-10-01 14:41:29,57,0
2026-10-01 14:41:39,57,0
2026-10-01 14:41:49,57,0
2026-10-01 14:41:59,57,0
2026-10-01 14:42:09,57,0
2026-10-01 14:42:19,57,0
2026-10-01 14:42:29,57,0
2026-10-01 14:42:39,57,0
2026-10-01 14:42:49,57,0
2026-10-01 14:42:59,57,0
2026-10-01 14:43:09,57,0
2026-10-01 14:43:19,57,0
2026-10-01 14:43:29,57,0
2026-10-01 14:43:39,57,0
2026-10-01 14:43:49,57,0
2026-10-01 14:43:59,57,0
2026-10-01 14:44:09,57,0
2026-10-01 14:44:19,57,0
2026-10-01 14:44:29,57,0
2026-10-01 14:44:39,57,0
2026-10-01 14:44:49,57,0
2026-10-01 14:44:59,57,0
2026-10-01 14:45:09,57,0
2026-10-01 14:45:19,57,0
2026-10-01 14:45:29,57,0
2026-10-01 14:45:39,57,0
2026-10-01 14:45:49,57,0
2026-10-01 14:45:59,57,0
2026-10-01 14:46:10,57,0
2026-10-01 14:46:20,57,0
2026-10-01 14:46:30,57,0
2026-10-01 14:46:40,57,0
2026-10-01 14:46:50,57,0
2026-10-01 14:47:00,57,0
2026-10-01 14:47:10,57,0
2026-10-01 14:47:20,57,0
2026-10-01 14:47:30,57,0
2026-10-01 14:47:40,57,0
2026-10-01 14:47:50,57,0
2026-10-01 14:48:00,57,0
2026-10-01 14:48:10,57,0
2026-10-01 14:48:20,57,0
2026-10-01 14:48:30,57,0
2026-10-01 14:48:40,57,0
2026-10-01 14:48:50,57,0
2026-10-01 14:49:00,57,0
2026-10-01 14:49:10,57,0
2026-10-01 14:49:20,56,0
2026-10-01 14:49:30,56,0
2026-10-01 14:49:40,56,0
2026-10-01 14:49:50,56,0
2026-10-01 14:50:00,56,0
2026-10-01 14:50:10,56,0
2026-10-01 14:50:20,56,0
2026-10-01 14:50:30,56,0
2026-10-01 14:50:40,56,0
2026-10-01 14:50:50,56,0
2026-10-01 14:51:01,56,0
2026-10-01 14:51:11,56,0
2026-10-01 14:51:21,56,0
2026-10-01 14:51:31,56,0
2026-10-01 14:51:41,56,0
2026-10-01 14:51:51,56,0
2026-10-01 14:52:01,56,0
2026-10-01 14:52:11,57,0
2026-10-01 14:52:21,57,0
2026-10-01 14:52:31,57,0
2026-10-01 14:52:41,57,0
2026-10-01 14:52:51,57,0
2026-10-01 14:53:01,57,0
2026-10-01 14:53:11,57,0
2026-10-01 14:53:21,57,0
2026-10-01 14:53:31,57,0
2026-10-01 14:53:41,57,0
2026-10-01 14:53:51,56,0
2026-10-01 14:54:01,56,0
2026-10-01 14:54:11,56,0
2026-10-01 14:54:21,56,0
2026-10-01 14:54:31,56,0
2026-10-01 14:54:41,56,0
2026-10-01 14:54:51,56,0
2026-10-01 14:55:01,56,0
2026-10-01 14:55:11,56,0
2026-10-01 14:55:21,56,0
2026-10-01 14:55:31,56,0
2026-10-01 14:55:42,56,0
2026-10-01 14:55:52,56,0
2026-10-01 14:56:02,56,0
2026-10-01 14:56:12,56,0
2026-10-01 14:56:22,56,0
2026-10-01 14:56:32,55,0
2026-10-01 14:56:42,56,0
2026-10-01 14:56:52,55,0
2026-10-01 14:57:02,55,0
2026-10-01 14:57:12,55,0
2026-10-01 14:57:22,55,0
2026-10-01 14:57:32,55,0
2026-10-01 14:57:42,55,0
2026-10-01 14:57:52,55,0
2026-10-01 14:58:02,55,0
2026-10-01 14:58:12,55,0
2026-10-01 14:58:22,55,0
2026-10-01 14:58:32,55,0
2026-10-01 14:58:42,55,0
2026-10-01 14:58:52,55,0
2026-10-01 14:59:02,55,0
2026-10-01 14:59:12,55,0
2026-10-01 14:59:22,54,0
2026-10-01 14:59:32,55,0
2026-10-01 14:59:42,54,0
2026-10-01 14:59:52,54,0
2026-10-01 15:00:02,54,0
2026-10-01 15:00:12,53,0
2026-10-01 15:00:22,54,0
2026-10-01 15:00:33,53,0
2026-10-01 15:00:43,54,0
2026-10-01 15:00:53,54,0
2026-10-01 15:01:03,53,0
2026-10-01 15:01:13,53,0
2026-10-01 15:01:23,53,0
2026-10-01 15:01:33,53,0
2026-10-01 15:01:43,53,0
2026-10-01 15:01:53,53,0
2026-10-01 15:02:03,53,0
2026-10-01 15:02:13,53,0
2026-10-01 15:02:23,53,0
2026-10-01 15:02:33,53,0
2026-10-01 15:02:43,53,0
2026-10-01 15:02:53,53,0
2026-10-01 15:03:03,53,0
2026-10-01 15:03:13,53,0
2026-10-01 15:03:23,53,0
2026-10-01 15:03:33,53,0
2026-10-01 15:03:43,53,0
2026-10-01 15:03:53,53,0
2026-10-01 15:04:03,52,0
2026-10-01 15:04:13,53,0
2026-10-01 15:04:23,53,0
2026-10-01 15:04:33,53,0
2026-10-01 15:04:43,53,0
2026-10-01 15:04:53,53,0
2026-10-01 15:05:03,53,0
2026-10-01 15:05:13,53,0
2026-10-01 15:05:23,53,0
2026-10-01 15:05:34,53,0
2026-10-01 15:05:44,53,0
2026-10-01 15:05:54,53,0
2026-10-01 15:06:04,53,0
2026-10-01 15:06:14,53,0
2026-10-01 15:06:24,53,0
2026-10-01 15:06:34,53,0
2026-10-01 15:06:44,53,0
2026-10-01 15:06:54,53,0
2026-10-01 15:07:04,53,0
2026-10-01 15:07:14,53,0
2026-10-01 15:07:24,53,0
2026-10-01 15:07:34,53,0
2026-10-01 15:07:44,53,0
2026-10-01 15:07:54,53,0
2026-10-01 15:08:04,53,0
2026-10-01 15:08:14,53,0
2026-10-01 15:08:24,52,0
2026-10-01 15:08:34,52,0
2026-10-01 15:08:44,52,0
2026-10-01 15:08:54,52,0
2026-10-01 15:09:04,52,0
2026-10-01 15:09:14,52,0
2026-10-01 15:09:24,52,0
2026-10-01 15:09:34,52,0
2026-10-01 15:09:44,52,0
2026-10-01 15:09:54,52,0
2026-10-01 15:10:04,52,0
2026-10-01 15:10:14,52,0
2026-10-01 15:10:24,52,0
2026-10-01 15:10:34,52,0
2026-10-01 15:10:45,52,0
2026-10-01 15:10:55,52,0
2026-10-01 15:11:05,52,0
2026-10-01 15:11:15,52,0
2026-10-01 15:11:25,52,0
